Length=,6,,,,,,,,,,,,,,,,,,,,,,,,,,
Position,1,2,3,4,5,6,7,8,9,10,11,12,13,14,15,16,17,18,19,20,21,22,23,24,25,26,Mean %
R,0,34.7826087,13.04347826,8.695652174,4.347826087,0,0,0,0,0,0,0,0,0,0,0,0,0,0,0,0,0,0,0,0,0,10.14
K,4.347826087,17.39130435,4.347826087,0,0,0,0,0,0,0,0,0,0,0,0,0,0,0,0,0,0,0,0,0,0,0,4.35
N,0,4.347826087,8.695652174,0,4.347826087,0,0,0,0,0,0,0,0,0,0,0,0,0,0,0,0,0,0,0,0,0,2.90
D,0,0,30.43478261,13.04347826,26.08695652,13.04347826,0,0,0,0,0,0,0,0,0,0,0,0,0,0,0,0,0,0,0,0,13.77
Q,0,0,0,0,0,0,0,0,0,0,0,0,0,0,0,0,0,0,0,0,0,0,0,0,0,0,0.00
E,0,0,4.347826087,0,4.347826087,0,0,0,0,0,0,0,0,0,0,0,0,0,0,0,0,0,0,0,0,0,1.45
H,0,0,0,0,0,4.347826087,0,0,0,0,0,0,0,0,0,0,0,0,0,0,0,0,0,0,0,0,0.72
P,0,0,4.347826087,4.347826087,4.347826087,8.695652174,0,0,0,0,0,0,0,0,0,0,0,0,0,0,0,0,0,0,0,0,3.62
Y,0,0,4.347826087,8.695652174,8.695652174,30.43478261,0,0,0,0,0,0,0,0,0,0,0,0,0,0,0,0,0,0,0,0,8.70
W,0,0,0,4.347826087,0,0,0,0,0,0,0,0,0,0,0,0,0,0,0,0,0,0,0,0,0,0,0.72
S,0,13.04347826,4.347826087,4.347826087,4.347826087,8.695652174,0,0,0,0,0,0,0,0,0,0,0,0,0,0,0,0,0,0,0,0,5.80
T,21.73913043,26.08695652,0,8.695652174,0,4.347826087,0,0,0,0,0,0,0,0,0,0,0,0,0,0,0,0,0,0,0,0,10.14
G,8.695652174,0,17.39130435,8.695652174,13.04347826,8.695652174,0,0,0,0,0,0,0,0,0,0,0,0,0,0,0,0,0,0,0,0,9.42
A,56.52173913,4.347826087,0,0,4.347826087,0,0,0,0,0,0,0,0,0,0,0,0,0,0,0,0,0,0,0,0,0,10.87
M,0,0,0,4.347826087,13.04347826,4.347826087,0,0,0,0,0,0,0,0,0,0,0,0,0,0,0,0,0,0,0,0,3.62
C,0,0,0,0,0,0,0,0,0,0,0,0,0,0,0,0,0,0,0,0,0,0,0,0,0,0,0.00
F,0,0,0,17.39130435,0,4.347826087,0,0,0,0,0,0,0,0,0,0,0,0,0,0,0,0,0,0,0,0,3.62
L,0,0,4.347826087,8.695652174,0,8.695652174,0,0,0,0,0,0,0,0,0,0,0,0,0,0,0,0,0,0,0,0,3.62
V,8.695652174,0,0,4.347826087,4.347826087,0,0,0,0,0,0,0,0,0,0,0,0,0,0,0,0,0,0,0,0,0,2.90
I,0,0,4.347826087,4.347826087,8.695652174,4.347826087,0,0,0,0,0,0,0,0,0,0,0,0,0,0,0,0,0,0,0,0,3.62
n=,100,100,100,100,100,100,0,0,0,0,0,0,0,0,0,0,0,0,0,0,0,0,0,0,0,0,100.00
,,,,,,,,,,,,,,,,,,,,,,,,,,,
Length=,7,,,,,,,,,,,,,,,,,,,,,,,,,,
Position,1,2,3,4,5,6,7,8,9,10,11,12,13,14,15,16,17,18,19,20,21,22,23,24,25,26,Mean %
R,0,42.5,5,5,2.5,7.5,2.5,0,0,0,0,0,0,0,0,0,0,0,0,0,0,0,0,0,0,0,9.29
K,2.5,25,0,5,2.5,10,0,0,0,0,0,0,0,0,0,0,0,0,0,0,0,0,0,0,0,0,6.43
N,0,0,2.5,10,0,5,5,0,0,0,0,0,0,0,0,0,0,0,0,0,0,0,0,0,0,0,3.21
D,0,2.5,10,12.5,5,22.5,5,0,0,0,0,0,0,0,0,0,0,0,0,0,0,0,0,0,0,0,8.21
Q,0,0,10,0,2.5,0,2.5,0,0,0,0,0,0,0,0,0,0,0,0,0,0,0,0,0,0,0,2.14
E,2.5,0,10,0,0,2.5,0,0,0,0,0,0,0,0,0,0,0,0,0,0,0,0,0,0,0,0,2.14
H,0,2.5,0,0,0,2.5,10,0,0,0,0,0,0,0,0,0,0,0,0,0,0,0,0,0,0,0,2.14
P,0,0,0,0,2.5,2.5,10,0,0,0,0,0,0,0,0,0,0,0,0,0,0,0,0,0,0,0,2.14
Y,2.5,2.5,2.5,7.5,2.5,7.5,27.5,0,0,0,0,0,0,0,0,0,0,0,0,0,0,0,0,0,0,0,7.50
W,0,0,0,10,0,0,2.5,0,0,0,0,0,0,0,0,0,0,0,0,0,0,0,0,0,0,0,1.79
S,2.5,7.5,5,7.5,5,2.5,5,0,0,0,0,0,0,0,0,0,0,0,0,0,0,0,0,0,0,0,5.00
T,5,5,0,0,7.5,0,0,0,0,0,0,0,0,0,0,0,0,0,0,0,0,0,0,0,0,0,2.50
G,0,0,30,15,15,22.5,5,0,0,0,0,0,0,0,0,0,0,0,0,0,0,0,0,0,0,0,12.50
A,62.5,0,2.5,17.5,12.5,2.5,2.5,0,0,0,0,0,0,0,0,0,0,0,0,0,0,0,0,0,0,0,14.29
M,0,0,2.5,2.5,5,2.5,0,0,0,0,0,0,0,0,0,0,0,0,0,0,0,0,0,0,0,0,1.79
C,0,0,0,0,0,0,0,0,0,0,0,0,0,0,0,0,0,0,0,0,0,0,0,0,0,0,0.00
F,2.5,0,0,2.5,20,2.5,5,0,0,0,0,0,0,0,0,0,0,0,0,0,0,0,0,0,0,0,4.64
L,10,12.5,7.5,0,15,2.5,0,0,0,0,0,0,0,0,0,0,0,0,0,0,0,0,0,0,0,0,6.79
V,7.5,0,7.5,5,0,2.5,7.5,0,0,0,0,0,0,0,0,0,0,0,0,0,0,0,0,0,0,0,4.29
I,2.5,0,5,0,2.5,2.5,10,0,0,0,0,0,0,0,0,0,0,0,0,0,0,0,0,0,0,0,3.21
n=,100,100,100,100,100,100,100,0,0,0,0,0,0,0,0,0,0,0,0,0,0,0,0,0,0,0,100.00
,,,,,,,,,,,,,,,,,,,,,,,,,,,
Length=,8,,,,,,,,,,,,,,,,,,,,,,,,,,
Position,1,2,3,4,5,6,7,8,9,10,11,12,13,14,15,16,17,18,19,20,21,22,23,24,25,26,Mean %
R,0,62.16216216,9.459459459,12.16216216,2.702702703,4.054054054,2.702702703,0,0,0,0,0,0,0,0,0,0,0,0,0,0,0,0,0,0,0,11.66
K,0,10.81081081,1.351351351,0,1.351351351,0,0,1.351351351,0,0,0,0,0,0,0,0,0,0,0,0,0,0,0,0,0,0,1.86
N,0,1.351351351,1.351351351,2.702702703,6.756756757,5.405405405,2.702702703,1.351351351,0,0,0,0,0,0,0,0,0,0,0,0,0,0,0,0,0,0,2.70
D,0,0,6.756756757,8.108108108,4.054054054,4.054054054,54.05405405,5.405405405,0,0,0,0,0,0,0,0,0,0,0,0,0,0,0,0,0,0,10.30
Q,1.351351351,0,1.351351351,0,5.405405405,1.351351351,0,0,0,0,0,0,0,0,0,0,0,0,0,0,0,0,0,0,0,0,1.18
E,0,0,8.108108108,5.405405405,1.351351351,0,0,0,0,0,0,0,0,0,0,0,0,0,0,0,0,0,0,0,0,0,1.86
H,0,1.351351351,2.702702703,0,1.351351351,0,2.702702703,0,0,0,0,0,0,0,0,0,0,0,0,0,0,0,0,0,0,0,1.01
P,0,0,0,9.459459459,2.702702703,2.702702703,2.702702703,0,0,0,0,0,0,0,0,0,0,0,0,0,0,0,0,0,0,0,2.20
Y,0,0,0,13.51351351,14.86486486,2.702702703,2.702702703,43.24324324,0,0,0,0,0,0,0,0,0,0,0,0,0,0,0,0,0,0,9.63
W,0,0,2.702702703,2.702702703,1.351351351,0,0,0,0,0,0,0,0,0,0,0,0,0,0,0,0,0,0,0,0,0,0.84
S,1.351351351,6.756756757,8.108108108,6.756756757,5.405405405,8.108108108,2.702702703,2.702702703,0,0,0,0,0,0,0,0,0,0,0,0,0,0,0,0,0,0,5.24
T,12.16216216,6.756756757,2.702702703,2.702702703,9.459459459,0,0,5.405405405,0,0,0,0,0,0,0,0,0,0,0,0,0,0,0,0,0,0,4.90
G,1.351351351,4.054054054,36.48648649,13.51351351,27.02702703,10.81081081,8.108108108,5.405405405,0,0,0,0,0,0,0,0,0,0,0,0,0,0,0,0,0,0,13.34
A,78.37837838,2.702702703,8.108108108,1.351351351,4.054054054,5.405405405,10.81081081,1.351351351,0,0,0,0,0,0,0,0,0,0,0,0,0,0,0,0,0,0,14.02
M,0,0,0,0,2.702702703,12.16216216,2.702702703,0,0,0,0,0,0,0,0,0,0,0,0,0,0,0,0,0,0,0,2.20
C,0,0,1.351351351,0,1.351351351,1.351351351,0,2.702702703,0,0,0,0,0,0,0,0,0,0,0,0,0,0,0,0,0,0,0.84
F,0,1.351351351,1.351351351,2.702702703,0,20.27027027,0,5.405405405,0,0,0,0,0,0,0,0,0,0,0,0,0,0,0,0,0,0,3.89
L,0,1.351351351,4.054054054,12.16216216,2.702702703,14.86486486,2.702702703,4.054054054,0,0,0,0,0,0,0,0,0,0,0,0,0,0,0,0,0,0,5.24
V,5.405405405,0,2.702702703,4.054054054,1.351351351,5.405405405,5.405405405,18.91891892,0,0,0,0,0,0,0,0,0,0,0,0,0,0,0,0,0,0,5.41
I,0,1.351351351,1.351351351,2.702702703,4.054054054,1.351351351,0,2.702702703,0,0,0,0,0,0,0,0,0,0,0,0,0,0,0,0,0,0,1.69
n=,100,100,100,100,100,100,100,100,0,0,0,0,0,0,0,0,0,0,0,0,0,0,0,0,0,0,100.00
,,,,,,,,,,,,,,,,,,,,,,,,,,,
Length=,9,,,,,,,,,,,,,,,,,,,,,,,,,,
Position,1,2,3,4,5,6,7,8,9,10,11,12,13,14,15,16,17,18,19,20,21,22,23,24,25,26,Mean %
R,0.769230769,62.30769231,4.615384615,13.84615385,3.076923077,3.846153846,3.076923077,1.538461538,2.307692308,0,0,0,0,0,0,0,0,0,0,0,0,0,0,0,0,0,10.60
K,0,7.692307692,1.538461538,2.307692308,0.769230769,1.538461538,0,0.769230769,0.769230769,0,0,0,0,0,0,0,0,0,0,0,0,0,0,0,0,0,1.71
N,0.769230769,0,0.769230769,6.153846154,3.846153846,3.846153846,1.538461538,2.307692308,3.076923077,0,0,0,0,0,0,0,0,0,0,0,0,0,0,0,0,0,2.48
D,0.769230769,0.769230769,16.92307692,4.615384615,6.153846154,3.076923077,2.307692308,59.23076923,4.615384615,0,0,0,0,0,0,0,0,0,0,0,0,0,0,0,0,0,10.94
Q,0.769230769,0.769230769,0.769230769,4.615384615,3.076923077,0.769230769,0,0.769230769,0,0,0,0,0,0,0,0,0,0,0,0,0,0,0,0,0,0,1.28
E,0,0,4.615384615,3.846153846,2.307692308,3.846153846,1.538461538,2.307692308,0.769230769,0,0,0,0,0,0,0,0,0,0,0,0,0,0,0,0,0,2.14
H,0,0.769230769,0.769230769,3.846153846,2.307692308,2.307692308,3.076923077,0,2.307692308,0,0,0,0,0,0,0,0,0,0,0,0,0,0,0,0,0,1.71
P,0,0.769230769,2.307692308,6.153846154,2.307692308,2.307692308,3.846153846,1.538461538,6.153846154,0,0,0,0,0,0,0,0,0,0,0,0,0,0,0,0,0,2.82
Y,0,0,2.307692308,3.846153846,11.53846154,13.07692308,4.615384615,1.538461538,39.23076923,0,0,0,0,0,0,0,0,0,0,0,0,0,0,0,0,0,8.46
W,0,0,4.615384615,3.076923077,6.153846154,3.076923077,2.307692308,0.769230769,0.769230769,0,0,0,0,0,0,0,0,0,0,0,0,0,0,0,0,0,2.31
S,0.769230769,10.76923077,4.615384615,4.615384615,10,8.461538462,7.692307692,7.692307692,6.923076923,0,0,0,0,0,0,0,0,0,0,0,0,0,0,0,0,0,6.84
T,4.615384615,5.384615385,1.538461538,3.076923077,4.615384615,5.384615385,2.307692308,0.769230769,0,0,0,0,0,0,0,0,0,0,0,0,0,0,0,0,0,0,3.08
G,0.769230769,2.307692308,29.23076923,17.69230769,23.84615385,22.30769231,8.461538462,4.615384615,3.076923077,0,0,0,0,0,0,0,0,0,0,0,0,0,0,0,0,0,12.48
A,79.23076923,1.538461538,9.230769231,6.153846154,6.153846154,10,1.538461538,5.384615385,2.307692308,0,0,0,0,0,0,0,0,0,0,0,0,0,0,0,0,0,13.50
M,0,0.769230769,0,0.769230769,0.769230769,0.769230769,7.692307692,0,0,0,0,0,0,0,0,0,0,0,0,0,0,0,0,0,0,0,1.20
C,0,0,0.769230769,0,1.538461538,0.769230769,1.538461538,1.538461538,0.769230769,0,0,0,0,0,0,0,0,0,0,0,0,0,0,0,0,0,0.77
F,0,0,5.384615385,2.307692308,0.769230769,3.846153846,31.53846154,1.538461538,5.384615385,0,0,0,0,0,0,0,0,0,0,0,0,0,0,0,0,0,5.64
L,3.076923077,0.769230769,6.153846154,5.384615385,5.384615385,5.384615385,8.461538462,3.846153846,3.076923077,0,0,0,0,0,0,0,0,0,0,0,0,0,0,0,0,0,4.62
V,7.692307692,3.076923077,3.076923077,6.923076923,2.307692308,4.615384615,4.615384615,3.846153846,13.07692308,0,0,0,0,0,0,0,0,0,0,0,0,0,0,0,0,0,5.47
I,0.769230769,2.307692308,0.769230769,0.769230769,3.076923077,0.769230769,3.846153846,0,5.384615385,0,0,0,0,0,0,0,0,0,0,0,0,0,0,0,0,0,1.97
n=,100,100,100,100,100,100,100,100,100,0,0,0,0,0,0,0,0,0,0,0,0,0,0,0,0,0,100.00
,,,,,,,,,,,,,,,,,,,,,,,,,,,
Length=,10,,,,,,,,,,,,,,,,,,,,,,,,,,
Position,1,2,3,4,5,6,7,8,9,10,11,12,13,14,15,16,17,18,19,20,21,22,23,24,25,26,Mean %
R,0,65.98984772,6.091370558,9.137055838,10.15228426,6.091370558,6.091370558,1.015228426,2.538071066,1.52284264,0,0,0,0,0,0,0,0,0,0,0,0,0,0,0,0,10.86
K,0,11.16751269,0,2.030456853,1.52284264,1.015228426,1.52284264,0,0,0.507614213,0,0,0,0,0,0,0,0,0,0,0,0,0,0,0,0,1.78
N,0,2.030456853,2.030456853,4.568527919,4.060913706,5.076142132,1.015228426,1.52284264,2.538071066,3.045685279,0,0,0,0,0,0,0,0,0,0,0,0,0,0,0,0,2.59
D,0,0.507614213,20.30456853,7.614213198,5.076142132,6.091370558,8.121827411,1.52284264,59.39086294,5.583756345,0,0,0,0,0,0,0,0,0,0,0,0,0,0,0,0,11.42
Q,0,0,1.52284264,4.060913706,1.015228426,1.52284264,0,0.507614213,0,0.507614213,0,0,0,0,0,0,0,0,0,0,0,0,0,0,0,0,0.91
E,0,0,11.6751269,3.045685279,2.030456853,1.015228426,2.538071066,0.507614213,5.076142132,0,0,0,0,0,0,0,0,0,0,0,0,0,0,0,0,0,2.59
H,0,0,2.030456853,0.507614213,1.52284264,2.538071066,2.538071066,1.52284264,1.52284264,2.030456853,0,0,0,0,0,0,0,0,0,0,0,0,0,0,0,0,1.42
P,0.507614213,0,1.015228426,6.091370558,3.553299492,1.52284264,3.553299492,2.538071066,3.045685279,7.614213198,0,0,0,0,0,0,0,0,0,0,0,0,0,0,0,0,2.94
Y,0,0,3.045685279,3.553299492,7.614213198,7.106598985,10.65989848,6.598984772,1.52284264,48.22335025,0,0,0,0,0,0,0,0,0,0,0,0,0,0,0,0,8.83
W,0,0,1.015228426,2.538071066,3.553299492,7.614213198,6.091370558,0.507614213,0.507614213,0.507614213,0,0,0,0,0,0,0,0,0,0,0,0,0,0,0,0,2.23
S,0,4.060913706,9.137055838,6.598984772,12.18274112,9.137055838,7.106598985,8.121827411,4.060913706,5.583756345,0,0,0,0,0,0,0,0,0,0,0,0,0,0,0,0,6.60
T,4.568527919,6.598984772,0.507614213,10.15228426,8.629441624,7.106598985,7.106598985,2.538071066,1.52284264,1.015228426,0,0,0,0,0,0,0,0,0,0,0,0,0,0,0,0,4.97
G,1.015228426,4.060913706,25.38071066,15.2284264,18.27411168,26.9035533,14.21319797,5.076142132,5.583756345,0,0,0,0,0,0,0,0,0,0,0,0,0,0,0,0,0,11.57
A,84.7715736,1.52284264,4.060913706,3.045685279,4.568527919,4.568527919,13.19796954,2.538071066,6.091370558,1.015228426,0,0,0,0,0,0,0,0,0,0,0,0,0,0,0,0,12.54
M,0,0.507614213,0,1.015228426,1.52284264,0,0.507614213,3.553299492,0,0.507614213,0,0,0,0,0,0,0,0,0,0,0,0,0,0,0,0,0.76
C,0.507614213,0,0,1.015228426,0.507614213,0.507614213,2.030456853,1.015228426,0.507614213,0.507614213,0,0,0,0,0,0,0,0,0,0,0,0,0,0,0,0,0.66
F,0,0,0,4.568527919,2.538071066,3.045685279,3.045685279,40.10152284,0,5.076142132,0,0,0,0,0,0,0,0,0,0,0,0,0,0,0,0,5.84
L,0.507614213,1.015228426,5.583756345,7.106598985,3.553299492,4.060913706,5.583756345,12.69035533,2.030456853,3.045685279,0,0,0,0,0,0,0,0,0,0,0,0,0,0,0,0,4.52
V,7.106598985,1.015228426,4.568527919,6.598984772,4.060913706,3.045685279,3.045685279,3.553299492,3.045685279,4.060913706,0,0,0,0,0,0,0,0,0,0,0,0,0,0,0,0,4.01
I,1.015228426,1.52284264,2.030456853,1.52284264,4.060913706,2.030456853,2.030456853,4.568527919,1.015228426,9.644670051,0,0,0,0,0,0,0,0,0,0,0,0,0,0,0,0,2.94
n=,100,100,100,100,100,100,100,100,100,100,0,0,0,0,0,0,0,0,0,0,0,0,0,0,0,0,100.00
,,,,,,,,,,,,,,,,,,,,,,,,,,,
Length=,11,,,,,,,,,,,,,,,,,,,,,,,,,,
Position,1,2,3,4,5,6,7,8,9,10,11,12,13,14,15,16,17,18,19,20,21,22,23,24,25,26,Mean %
R,0,69.33333333,6.666666667,11.66666667,4.666666667,6,6.333333333,2.333333333,0.666666667,2.333333333,1.333333333,0,0,0,0,0,0,0,0,0,0,0,0,0,0,0,10.12
K,0,9.666666667,2.666666667,3.333333333,1,1.333333333,1.333333333,1,0.666666667,0.666666667,0,0,0,0,0,0,0,0,0,0,0,0,0,0,0,0,1.97
N,0,0.666666667,2,4,5,3,5,2.666666667,0.666666667,1.666666667,2,0,0,0,0,0,0,0,0,0,0,0,0,0,0,0,2.42
D,0,0.333333333,21.66666667,4.666666667,7,7.666666667,9.666666667,4,1,75,1.666666667,0,0,0,0,0,0,0,0,0,0,0,0,0,0,0,12.06
Q,0,0.666666667,1.333333333,2.666666667,2.333333333,2.666666667,1.333333333,1,0.666666667,1,0.333333333,0,0,0,0,0,0,0,0,0,0,0,0,0,0,0,1.27
E,0,0.333333333,5.333333333,2,3.333333333,1.666666667,3,1,1,3,0.333333333,0,0,0,0,0,0,0,0,0,0,0,0,0,0,0,1.91
H,0,1,3,1.666666667,1.333333333,1.666666667,2.666666667,4,0.666666667,1.333333333,4,0,0,0,0,0,0,0,0,0,0,0,0,0,0,0,1.94
P,0,1,2.666666667,6.333333333,5,4,2,7,4.333333333,2,5.333333333,0,0,0,0,0,0,0,0,0,0,0,0,0,0,0,3.61
Y,0,0.666666667,2,5.333333333,5,7.666666667,12,17,5,0.333333333,49.66666667,0,0,0,0,0,0,0,0,0,0,0,0,0,0,0,9.52
W,0,0,1.666666667,3.666666667,4.333333333,5.333333333,4,6.333333333,1.666666667,0.333333333,0,0,0,0,0,0,0,0,0,0,0,0,0,0,0,0,2.48
S,0.666666667,5.666666667,6.333333333,9.666666667,11.33333333,13.33333333,9.333333333,9,3.333333333,1.333333333,5,0,0,0,0,0,0,0,0,0,0,0,0,0,0,0,6.82
T,4,6.666666667,3.666666667,3.666666667,6.333333333,2.333333333,5,4,2.333333333,0.666666667,0.666666667,0,0,0,0,0,0,0,0,0,0,0,0,0,0,0,3.58
G,0.666666667,2,22,15.33333333,19.33333333,17,16.66666667,11.33333333,2.333333333,3.333333333,1,0,0,0,0,0,0,0,0,0,0,0,0,0,0,0,10.09
A,88.66666667,0.333333333,5,5.666666667,5.666666667,8.333333333,10,17.66666667,2.333333333,2.666666667,0,0,0,0,0,0,0,0,0,0,0,0,0,0,0,0,13.30
M,0.333333333,0,1,1.333333333,1.666666667,1.666666667,1,0.333333333,5.333333333,0,0.333333333,0,0,0,0,0,0,0,0,0,0,0,0,0,0,0,1.18
C,0.333333333,0,0,0.333333333,1,0.333333333,0.333333333,0.666666667,0,0.666666667,1,0,0,0,0,0,0,0,0,0,0,0,0,0,0,0,0.42
F,0.666666667,0,0.333333333,2.666666667,2,4,1.666666667,2.333333333,51.33333333,0,3.666666667,0,0,0,0,0,0,0,0,0,0,0,0,0,0,0,6.24
L,0.333333333,0.333333333,6,8.666666667,4.333333333,5.333333333,5.666666667,5.333333333,9.666666667,1.333333333,4.333333333,0,0,0,0,0,0,0,0,0,0,0,0,0,0,0,4.67
V,4,1,5.333333333,6,6,4.333333333,2.333333333,1.666666667,2,1.666666667,7.333333333,0,0,0,0,0,0,0,0,0,0,0,0,0,0,0,3.79
I,0.333333333,0.333333333,1.333333333,1.333333333,3.333333333,2.333333333,0.666666667,1.333333333,5,0.666666667,12,0,0,0,0,0,0,0,0,0,0,0,0,0,0,0,2.61
n=,100,100,100,100,100,100,100,100,100,100,100,0,0,0,0,0,0,0,0,0,0,0,0,0,0,0,100.00
,,,,,,,,,,,,,,,,,,,,,,,,,,,
Length=,12,,,,,,,,,,,,,,,,,,,,,,,,,,
Position,1,2,3,4,5,6,7,8,9,10,11,12,13,14,15,16,17,18,19,20,21,22,23,24,25,26,Mean %
R,0.280898876,71.34831461,7.303370787,11.79775281,5.056179775,5.898876404,10.39325843,5.898876404,3.651685393,1.123595506,1.123595506,0.561797753,0,0,0,0,0,0,0,0,0,0,0,0,0,0,10.37
K,0,10.95505618,2.528089888,2.247191011,1.966292135,0.280898876,0.280898876,1.404494382,1.123595506,0.280898876,0.280898876,0,0,0,0,0,0,0,0,0,0,0,0,0,0,0,1.78
N,0.280898876,0.561797753,3.651685393,3.370786517,3.651685393,5.617977528,2.808988764,4.775280899,1.404494382,1.404494382,1.123595506,0.842696629,0,0,0,0,0,0,0,0,0,0,0,0,0,0,2.46
D,0,0,18.25842697,5.056179775,6.179775281,8.988764045,7.303370787,7.303370787,3.370786517,0.561797753,80.05617978,3.93258427,0,0,0,0,0,0,0,0,0,0,0,0,0,0,11.75
Q,0,0,3.370786517,1.685393258,1.966292135,3.08988764,0.561797753,0.842696629,1.123595506,0,1.123595506,0.280898876,0,0,0,0,0,0,0,0,0,0,0,0,0,0,1.17
E,0,0.280898876,7.865168539,3.651685393,1.685393258,2.247191011,4.494382022,2.247191011,1.123595506,0.842696629,2.528089888,0.280898876,0,0,0,0,0,0,0,0,0,0,0,0,0,0,2.27
H,0,1.123595506,3.08988764,2.808988764,1.404494382,0.561797753,1.123595506,3.370786517,2.808988764,0.561797753,0,2.247191011,0,0,0,0,0,0,0,0,0,0,0,0,0,0,1.59
P,0.280898876,0.280898876,0.280898876,6.741573034,5.898876404,2.528089888,1.966292135,1.123595506,6.741573034,2.247191011,1.685393258,6.741573034,0,0,0,0,0,0,0,0,0,0,0,0,0,0,3.04
Y,0,0.561797753,1.404494382,5.056179775,6.741573034,8.146067416,10.6741573,14.3258427,16.01123596,1.685393258,0.842696629,43.82022472,0,0,0,0,0,0,0,0,0,0,0,0,0,0,9.11
W,0,0,0.842696629,1.123595506,3.08988764,3.93258427,4.213483146,6.460674157,5.898876404,2.247191011,1.123595506,0,0,0,0,0,0,0,0,0,0,0,0,0,0,0,2.41
S,0,2.808988764,5.617977528,8.707865169,8.988764045,8.146067416,9.550561798,11.23595506,7.02247191,3.93258427,0.561797753,5.337078652,0,0,0,0,0,0,0,0,0,0,0,0,0,0,5.99
T,4.494382022,6.741573034,3.651685393,8.707865169,3.93258427,4.775280899,9.550561798,3.370786517,5.617977528,1.685393258,0.842696629,0.561797753,0,0,0,0,0,0,0,0,0,0,0,0,0,0,4.49
G,1.404494382,1.123595506,14.88764045,12.92134831,23.31460674,20.78651685,14.04494382,20.50561798,12.07865169,3.651685393,4.494382022,1.404494382,0,0,0,0,0,0,0,0,0,0,0,0,0,0,10.88
A,84.5505618,1.685393258,6.460674157,5.056179775,6.179775281,10.95505618,6.460674157,7.303370787,20.50561798,1.966292135,1.966292135,0.280898876,0,0,0,0,0,0,0,0,0,0,0,0,0,0,12.78
M,0,0,0.561797753,1.123595506,0.842696629,1.404494382,1.123595506,0.280898876,0,5.898876404,0,0.280898876,0,0,0,0,0,0,0,0,0,0,0,0,0,0,0.96
C,0,0,0.280898876,0.280898876,0.280898876,0,0,0,0.561797753,0.280898876,0,0.561797753,0,0,0,0,0,0,0,0,0,0,0,0,0,0,0.19
F,0,0,1.123595506,2.808988764,2.808988764,1.966292135,2.808988764,3.651685393,4.213483146,55.8988764,0.842696629,4.494382022,0,0,0,0,0,0,0,0,0,0,0,0,0,0,6.72
L,0,0.842696629,7.584269663,6.460674157,6.179775281,4.213483146,5.898876404,3.08988764,3.370786517,11.51685393,0,6.741573034,0,0,0,0,0,0,0,0,0,0,0,0,0,0,4.66
V,8.707865169,0.842696629,7.02247191,5.617977528,7.02247191,4.494382022,5.337078652,2.247191011,2.247191011,1.685393258,0.561797753,8.988764045,0,0,0,0,0,0,0,0,0,0,0,0,0,0,4.56
I,0,0.842696629,4.213483146,4.775280899,2.808988764,1.966292135,1.404494382,0.561797753,1.123595506,2.528089888,0.842696629,12.64044944,0,0,0,0,0,0,0,0,0,0,0,0,0,0,2.81
n=,100,100,100,100,100,100,100,100,100,100,100,100,0,0,0,0,0,0,0,0,0,0,0,0,0,0,100.00
,,,,,,,,,,,,,,,,,,,,,,,,,,,
Length=,13,,,,,,,,,,,,,,,,,,,,,,,,,,
Position,1,2,3,4,5,6,7,8,9,10,11,12,13,14,15,16,17,18,19,20,21,22,23,24,25,26,Mean %
R,0.223713647,67.11409396,7.829977629,10.06711409,5.592841163,4.474272931,3.803131991,4.474272931,3.579418345,2.908277405,0.67114094,0.447427293,0.223713647,0,0,0,0,0,0,0,0,0,0,0,0,0,8.57
K,0,18.12080537,1.118568233,2.460850112,0.894854586,0,0.894854586,1.118568233,0.894854586,0.67114094,0.223713647,0.447427293,0,0,0,0,0,0,0,0,0,0,0,0,0,0,2.07
N,0,0,0.894854586,2.460850112,4.250559284,2.237136465,4.026845638,4.250559284,5.592841163,2.237136465,0.67114094,0.894854586,0.67114094,0,0,0,0,0,0,0,0,0,0,0,0,0,2.17
D,0.223713647,0,20.58165548,3.579418345,4.026845638,4.921700224,4.697986577,3.131991051,8.501118568,3.803131991,0.894854586,82.55033557,1.342281879,0,0,0,0,0,0,0,0,0,0,0,0,0,10.64
Q,0,0.223713647,3.131991051,5.14541387,2.460850112,1.565995526,1.118568233,0.894854586,1.342281879,0.894854586,0,0.67114094,0,0,0,0,0,0,0,0,0,0,0,0,0,0,1.34
E,0,0,8.724832215,1.565995526,3.355704698,2.237136465,1.118568233,2.908277405,2.684563758,1.565995526,0.894854586,1.342281879,0.223713647,0,0,0,0,0,0,0,0,0,0,0,0,0,2.05
H,0,1.118568233,2.460850112,3.579418345,1.789709172,0.894854586,1.118568233,2.013422819,2.684563758,3.803131991,0,1.118568233,1.565995526,0,0,0,0,0,0,0,0,0,0,0,0,0,1.70
P,0,0.223713647,3.131991051,5.81655481,3.579418345,3.579418345,2.684563758,4.697986577,3.803131991,7.606263982,2.684563758,0.447427293,9.172259508,0,0,0,0,0,0,0,0,0,0,0,0,0,3.65
Y,0,0,3.131991051,6.711409396,9.843400447,7.829977629,9.843400447,13.19910515,15.43624161,19.91051454,2.908277405,1.789709172,51.00671141,0,0,0,0,0,0,0,0,0,0,0,0,0,10.89
W,0,0,0.67114094,1.118568233,5.592841163,4.250559284,2.908277405,4.697986577,6.935123043,6.935123043,0.223713647,0,0,0,0,0,0,0,0,0,0,0,0,0,0,0,2.56
S,0.447427293,3.803131991,6.711409396,11.18568233,13.19910515,14.09395973,13.19910515,14.31767338,8.053691275,5.14541387,1.565995526,1.342281879,7.158836689,0,0,0,0,0,0,0,0,0,0,0,0,0,7.71
T,2.237136465,3.579418345,2.908277405,5.14541387,6.487695749,4.921700224,6.040268456,5.592841163,6.040268456,4.697986577,1.118568233,0.447427293,0.894854586,0,0,0,0,0,0,0,0,0,0,0,0,0,3.85
G,2.013422819,2.237136465,19.68680089,16.77852349,15.43624161,19.46308725,22.5950783,13.87024609,18.79194631,12.9753915,4.026845638,2.684563758,0.447427293,0,0,0,0,0,0,0,0,0,0,0,0,0,11.62
A,89.93288591,1.565995526,5.592841163,4.250559284,6.487695749,8.724832215,6.935123043,6.935123043,4.697986577,14.98881432,0.894854586,0.67114094,0.894854586,0,0,0,0,0,0,0,0,0,0,0,0,0,11.74
M,0,0.223713647,0.894854586,2.013422819,0.894854586,1.342281879,1.342281879,1.342281879,1.118568233,0.447427293,8.724832215,0.223713647,0.223713647,0,0,0,0,0,0,0,0,0,0,0,0,0,1.45
C,0.223713647,0,0.447427293,0.447427293,0.223713647,1.342281879,1.118568233,0.223713647,0.67114094,0.894854586,0.894854586,0.447427293,0.67114094,0,0,0,0,0,0,0,0,0,0,0,0,0,0.59
F,0,0.447427293,0.223713647,2.460850112,1.118568233,2.460850112,3.579418345,2.013422819,2.013422819,3.131991051,57.27069351,0.447427293,2.237136465,0,0,0,0,0,0,0,0,0,0,0,0,0,5.95
L,0,0.223713647,4.026845638,8.277404922,5.592841163,5.14541387,3.131991051,6.935123043,3.579418345,2.908277405,10.51454139,1.565995526,4.921700224,0,0,0,0,0,0,0,0,0,0,0,0,0,4.37
V,2.908277405,0.447427293,6.487695749,3.803131991,6.040268456,7.382550336,8.053691275,4.250559284,2.460850112,2.460850112,3.355704698,2.013422819,9.395973154,0,0,0,0,0,0,0,0,0,0,0,0,0,4.54
I,1.789709172,0.67114094,1.342281879,3.131991051,3.131991051,3.131991051,1.789709172,3.131991051,1.118568233,2.013422819,2.460850112,0.447427293,8.948545861,0,0,0,0,0,0,0,0,0,0,0,0,0,2.55
n=,100,100,100,100,100,100,100,100,100,100,100,100,100,0,0,0,0,0,0,0,0,0,0,0,0,0,100.00
,,,,,,,,,,,,,,,,,,,,,,,,,,,
Length=,14,,,,,,,,,,,,,,,,,,,,,,,,,,
Position,1,2,3,4,5,6,7,8,9,10,11,12,13,14,15,16,17,18,19,20,21,22,23,24,25,26,Mean %
R,0,61.79775281,5.43071161,13.10861423,8.052434457,7.490636704,3.370786517,4.68164794,6.367041199,3.93258427,3.370786517,0.74906367,0.374531835,0,0,0,0,0,0,0,0,0,0,0,0,0,8.48
K,0,21.16104869,1.123595506,2.059925094,2.059925094,1.498127341,0.374531835,0.374531835,0.561797753,0.936329588,0.374531835,0.374531835,0,0.374531835,0,0,0,0,0,0,0,0,0,0,0,0,2.23
N,0.187265918,0.561797753,1.872659176,3.183520599,1.685393258,5.056179775,3.183520599,3.370786517,3.745318352,8.239700375,1.872659176,0.936329588,0.561797753,1.498127341,0,0,0,0,0,0,0,0,0,0,0,0,2.57
D,0,0.187265918,22.28464419,2.434456929,6.179775281,6.367041199,6.179775281,6.554307116,1.685393258,7.303370787,1.123595506,0.561797753,83.70786517,1.498127341,0,0,0,0,0,0,0,0,0,0,0,0,10.43
Q,0,0.74906367,1.498127341,5.056179775,1.872659176,2.434456929,2.059925094,1.123595506,0.74906367,0.74906367,0.74906367,0.374531835,0.561797753,0.187265918,0,0,0,0,0,0,0,0,0,0,0,0,1.30
E,0,0,7.116104869,1.872659176,2.621722846,2.059925094,2.247191011,2.434456929,1.498127341,1.872659176,2.247191011,0.561797753,1.685393258,0.187265918,0,0,0,0,0,0,0,0,0,0,0,0,1.89
H,0,0.187265918,2.996254682,2.808988764,1.123595506,0.936329588,0.374531835,0.936329588,1.123595506,2.059925094,3.183520599,0.74906367,1.498127341,2.996254682,0,0,0,0,0,0,0,0,0,0,0,0,1.50
P,0.187265918,0,3.183520599,9.176029963,4.868913858,3.93258427,2.247191011,3.745318352,7.303370787,4.494382022,8.239700375,1.498127341,0.187265918,8.052434457,0,0,0,0,0,0,0,0,0,0,0,0,4.08
Y,0,0.561797753,0.74906367,2.621722846,11.04868914,7.303370787,7.865168539,10.11235955,14.79400749,17.60299625,22.65917603,3.93258427,1.123595506,45.88014981,0,0,0,0,0,0,0,0,0,0,0,0,10.45
W,0,0,0.936329588,1.310861423,2.996254682,2.621722846,4.119850187,5.805243446,5.43071161,4.868913858,8.426966292,1.123595506,0.187265918,0.74906367,0,0,0,0,0,0,0,0,0,0,0,0,2.76
S,0.936329588,4.494382022,7.303370787,10.48689139,9.925093633,13.67041199,11.79775281,11.42322097,13.67041199,9.36329588,5.243445693,3.370786517,1.123595506,4.494382022,0,0,0,0,0,0,0,0,0,0,0,0,7.66
T,5.243445693,5.617977528,2.434456929,2.621722846,4.494382022,7.116104869,7.116104869,6.928838951,6.928838951,3.745318352,4.119850187,0.374531835,0.74906367,1.123595506,0,0,0,0,0,0,0,0,0,0,0,0,4.19
G,1.123595506,1.872659176,23.4082397,15.73033708,15.917603,15.35580524,20.78651685,14.23220974,8.988764045,18.16479401,15.917603,2.996254682,3.745318352,0.561797753,0,0,0,0,0,0,0,0,0,0,0,0,11.34
A,87.64044944,1.310861423,4.68164794,5.992509363,7.303370787,5.243445693,7.865168539,6.928838951,8.239700375,4.494382022,11.79775281,1.123595506,1.685393258,0.561797753,0,0,0,0,0,0,0,0,0,0,0,0,11.06
M,0,0.374531835,1.123595506,1.310861423,1.123595506,0.561797753,1.685393258,0.936329588,0.74906367,0.74906367,0.374531835,10.6741573,0,0.187265918,0,0,0,0,0,0,0,0,0,0,0,0,1.42
C,0,0.187265918,1.123595506,0.936329588,1.498127341,0,0,1.123595506,0.74906367,1.685393258,0.74906367,1.310861423,0.374531835,0.561797753,0,0,0,0,0,0,0,0,0,0,0,0,0.74
F,0,0,0.74906367,2.621722846,3.558052434,2.621722846,2.996254682,3.745318352,4.494382022,4.119850187,3.745318352,50.37453184,0.74906367,3.745318352,0,0,0,0,0,0,0,0,0,0,0,0,5.97
L,0,0.187265918,5.43071161,8.61423221,5.056179775,4.307116105,5.992509363,5.805243446,5.805243446,2.621722846,2.247191011,13.67041199,0.74906367,5.617977528,0,0,0,0,0,0,0,0,0,0,0,0,4.72
V,4.494382022,0.374531835,5.617977528,2.996254682,5.617977528,8.052434457,4.68164794,6.179775281,4.494382022,1.872659176,1.498127341,1.872659176,0.74906367,13.10861423,0,0,0,0,0,0,0,0,0,0,0,0,4.40
I,0.187265918,0.374531835,0.936329588,5.056179775,2.996254682,3.370786517,5.056179775,3.558052434,2.621722846,1.123595506,2.059925094,3.370786517,0.187265918,8.61423221,0,0,0,0,0,0,0,0,0,0,0,0,2.82
n=,100,100,100,100,100,100,100,100,100,100,100,100,100,100,0,0,0,0,0,0,0,0,0,0,0,0,100.00
,,,,,,,,,,,,,,,,,,,,,,,,,,,
Length=,15,,,,,,,,,,,,,,,,,,,,,,,,,,
Position,1,2,3,4,5,6,7,8,9,10,11,12,13,14,15,16,17,18,19,20,21,22,23,24,25,26,Mean %
R,0.215517241,69.18103448,6.896551724,14.00862069,7.327586207,3.663793103,4.310344828,2.586206897,4.525862069,4.956896552,5.172413793,2.370689655,0.215517241,0.215517241,0.215517241,0,0,0,0,0,0,0,0,0,0,0,8.39
K,0,17.02586207,1.724137931,3.232758621,2.586206897,0.646551724,0.215517241,1.724137931,1.293103448,1.939655172,1.293103448,0.646551724,0,0,0,0,0,0,0,0,0,0,0,0,0,0,2.16
N,0,0.431034483,0.862068966,3.232758621,2.155172414,1.724137931,3.448275862,4.094827586,3.879310345,3.232758621,9.482758621,1.293103448,0.215517241,2.155172414,1.293103448,0,0,0,0,0,0,0,0,0,0,0,2.50
D,0.215517241,0,19.39655172,3.448275862,5.603448276,4.310344828,5.603448276,8.189655172,3.879310345,7.112068966,7.543103448,1.939655172,0.646551724,80.60344828,1.077586207,0,0,0,0,0,0,0,0,0,0,0,9.97
Q,0,0.646551724,2.370689655,3.232758621,3.017241379,2.370689655,1.939655172,2.586206897,2.370689655,1.939655172,1.50862069,0.646551724,0.215517241,1.50862069,0.862068966,0,0,0,0,0,0,0,0,0,0,0,1.68
E,0.215517241,0,9.913793103,1.724137931,2.801724138,2.801724138,3.232758621,1.724137931,2.801724138,2.370689655,2.586206897,1.293103448,0.431034483,1.50862069,0,0,0,0,0,0,0,0,0,0,0,0,2.23
H,0,0.646551724,4.956896552,1.50862069,3.448275862,1.293103448,0.431034483,0.215517241,1.939655172,1.293103448,3.232758621,3.017241379,0.431034483,2.155172414,4.094827586,0,0,0,0,0,0,0,0,0,0,0,1.91
P,0,0,3.663793103,8.836206897,5.818965517,6.25,3.232758621,6.034482759,3.448275862,5.603448276,2.155172414,6.034482759,1.077586207,0.215517241,8.189655172,0,0,0,0,0,0,0,0,0,0,0,4.04
Y,0,0.215517241,1.077586207,3.663793103,6.465517241,11.85344828,9.913793103,12.06896552,12.71551724,19.82758621,22.4137931,25.43103448,2.586206897,2.586206897,38.36206897,0,0,0,0,0,0,0,0,0,0,0,11.28
W,0,0.215517241,0.431034483,1.939655172,3.017241379,3.448275862,3.879310345,2.370689655,3.448275862,3.448275862,6.034482759,7.75862069,0.862068966,0.215517241,0.431034483,0,0,0,0,0,0,0,0,0,0,0,2.50
S,0.862068966,4.094827586,5.603448276,7.974137931,8.189655172,14.65517241,11.85344828,10.34482759,12.71551724,10.12931034,6.681034483,4.525862069,1.939655172,0.862068966,4.525862069,0,0,0,0,0,0,0,0,0,0,0,7.00
T,3.663793103,5.387931034,4.094827586,5.387931034,4.74137931,5.818965517,7.327586207,6.896551724,8.405172414,6.25,2.370689655,3.448275862,0.646551724,0.215517241,1.50862069,0,0,0,0,0,0,0,0,0,0,0,4.41
G,0.431034483,0.646551724,21.12068966,15.30172414,16.81034483,14.00862069,19.82758621,17.67241379,14.22413793,12.28448276,17.24137931,15.30172414,1.077586207,2.801724138,0.431034483,0,0,0,0,0,0,0,0,0,0,0,11.28
A,88.79310345,1.077586207,5.603448276,5.172413793,6.25,5.818965517,6.681034483,6.465517241,4.74137931,3.879310345,2.370689655,12.93103448,1.50862069,1.50862069,0.646551724,0,0,0,0,0,0,0,0,0,0,0,10.23
M,0,0,0.431034483,1.724137931,1.293103448,1.293103448,1.50862069,0.862068966,0.431034483,0.646551724,0.646551724,0.431034483,12.5,0.215517241,1.077586207,0,0,0,0,0,0,0,0,0,0,0,1.54
C,0,0,0.646551724,1.077586207,1.939655172,2.155172414,0.431034483,0.862068966,0.646551724,2.801724138,1.50862069,0.862068966,0.646551724,0,0.646551724,0,0,0,0,0,0,0,0,0,0,0,0.95
F,0,0,1.50862069,2.586206897,3.448275862,4.094827586,1.724137931,3.663793103,3.017241379,3.448275862,1.724137931,5.387931034,60.34482759,0.862068966,3.232758621,0,0,0,0,0,0,0,0,0,0,0,6.34
L,0.215517241,0.431034483,3.017241379,7.974137931,5.818965517,4.310344828,6.465517241,4.956896552,7.75862069,3.663793103,2.370689655,3.232758621,9.482758621,1.724137931,7.543103448,0,0,0,0,0,0,0,0,0,0,0,4.60
V,5.172413793,0,6.034482759,4.525862069,4.956896552,4.74137931,5.387931034,4.74137931,4.525862069,3.448275862,2.155172414,2.155172414,2.586206897,0.646551724,16.59482759,0,0,0,0,0,0,0,0,0,0,0,4.51
I,0.215517241,0,0.646551724,3.448275862,4.310344828,4.74137931,2.586206897,1.939655172,3.232758621,1.724137931,1.50862069,1.293103448,2.586206897,0,9.267241379,0,0,0,0,0,0,0,0,0,0,0,2.50
n=,100,100,100,100,100,100,100,100,100,100,100,100,100,100,100,0,0,0,0,0,0,0,0,0,0,0,100.00
,,,,,,,,,,,,,,,,,,,,,,,,,,,
Length=,16,,,,,,,,,,,,,,,,,,,,,,,,,,
Position,1,2,3,4,5,6,7,8,9,10,11,12,13,14,15,16,17,18,19,20,21,22,23,24,25,26,Mean %
R,0,69.751693,6.094808126,16.02708804,7.674943567,3.837471783,5.869074492,5.191873589,4.063205418,4.288939052,5.417607223,5.417607223,2.031602709,0.677200903,0.451467269,0.451467269,0,0,0,0,0,0,0,0,0,0,8.58
K,0,16.93002257,0.902934537,2.257336343,1.58013544,1.805869074,0.677200903,0.902934537,0.677200903,1.354401806,2.934537246,2.257336343,0.451467269,0,0.225733634,0,0,0,0,0,0,0,0,0,0,0,2.06
N,0,0.451467269,2.031602709,1.354401806,2.483069977,2.708803612,1.58013544,2.483069977,4.063205418,3.386004515,3.386004515,9.93227991,2.257336343,0,0.902934537,0.677200903,0,0,0,0,0,0,0,0,0,0,2.36
D,0,0,23.47629797,3.837471783,5.643340858,7.223476298,7.900677201,8.577878104,5.643340858,3.837471783,2.934537246,6.997742664,1.128668172,0.225733634,82.84424379,1.128668172,0,0,0,0,0,0,0,0,0,0,10.09
Q,0,0,3.16027088,1.58013544,0.677200903,0.902934537,1.354401806,0.451467269,0.902934537,1.58013544,1.58013544,2.934537246,0.451467269,0.451467269,2.257336343,0,0,0,0,0,0,0,0,0,0,0,1.14
E,0,0.225733634,8.35214447,1.805869074,5.191873589,4.966139955,0.451467269,2.934537246,1.58013544,0.902934537,1.354401806,1.805869074,0.902934537,0.225733634,1.128668172,0.225733634,0,0,0,0,0,0,0,0,0,0,2.00
H,0.225733634,0.451467269,4.288939052,1.805869074,1.805869074,1.58013544,1.354401806,0.902934537,1.354401806,2.483069977,2.257336343,3.16027088,4.063205418,1.128668172,1.805869074,3.837471783,0,0,0,0,0,0,0,0,0,0,2.03
P,0,0,2.257336343,11.51241535,4.740406321,4.063205418,2.257336343,2.708803612,2.483069977,8.126410835,5.191873589,2.708803612,7.674943567,1.58013544,1.354401806,11.96388262,0,0,0,0,0,0,0,0,0,0,4.29
Y,0,0,1.354401806,5.191873589,7.900677201,12.41534989,10.60948081,9.255079007,9.93227991,10.15801354,18.51015801,20.09029345,23.0248307,2.257336343,0.225733634,40.85778781,0,0,0,0,0,0,0,0,0,0,10.74
W,0,0.225733634,0.677200903,3.16027088,2.483069977,1.58013544,2.934537246,2.257336343,4.740406321,4.288939052,3.16027088,4.740406321,11.28668172,0.902934537,0.451467269,0,0,0,0,0,0,0,0,0,0,0,2.68
S,0.451467269,4.063205418,3.16027088,7.900677201,7.449209932,13.76975169,15.8013544,16.4785553,12.41534989,12.86681716,9.255079007,8.126410835,2.483069977,1.128668172,0.677200903,3.16027088,0,0,0,0,0,0,0,0,0,0,7.45
T,4.966139955,4.288939052,3.386004515,4.063205418,4.063205418,5.191873589,6.997742664,8.577878104,9.029345372,7.674943567,5.417607223,2.934537246,3.386004515,0.451467269,0.451467269,0.677200903,0,0,0,0,0,0,0,0,0,0,4.47
G,0.677200903,0.677200903,21.89616253,14.22121896,18.73589165,13.99548533,15.8013544,17.60722348,18.51015801,14.22121896,12.86681716,13.76975169,18.96162528,1.805869074,2.934537246,0.902934537,0,0,0,0,0,0,0,0,0,0,11.72
A,90.29345372,0.902934537,6.772009029,5.643340858,7.449209932,6.094808126,5.191873589,6.320541761,6.320541761,4.063205418,6.094808126,3.611738149,11.28668172,1.58013544,1.58013544,0.902934537,0,0,0,0,0,0,0,0,0,0,10.26
M,0,0.225733634,0.677200903,1.354401806,1.354401806,0.225733634,1.354401806,0.677200903,0.902934537,2.934537246,0.677200903,0.451467269,0.225733634,13.99548533,0,0,0,0,0,0,0,0,0,0,0,0,1.57
C,0,0.451467269,0.225733634,0.677200903,2.257336343,2.708803612,3.16027088,0.451467269,1.354401806,2.257336343,2.257336343,3.16027088,0.902934537,0.451467269,0,0,0,0,0,0,0,0,0,0,0,0,1.27
F,0.225733634,0,1.128668172,2.483069977,3.16027088,3.837471783,2.708803612,3.386004515,3.611738149,3.386004515,2.934537246,1.805869074,3.16027088,57.56207675,0.902934537,2.483069977,0,0,0,0,0,0,0,0,0,0,5.80
L,0,0.451467269,3.611738149,7.674943567,4.514672686,4.740406321,5.869074492,2.934537246,3.611738149,5.417607223,6.094808126,1.58013544,3.16027088,10.38374718,0.902934537,5.869074492,0,0,0,0,0,0,0,0,0,0,4.18
V,3.16027088,0.451467269,5.643340858,5.191873589,7.449209932,4.514672686,5.191873589,5.417607223,7.223476298,4.063205418,6.094808126,2.708803612,2.483069977,1.58013544,0.677200903,16.70428894,0,0,0,0,0,0,0,0,0,0,4.91
I,0,0.451467269,0.902934537,2.257336343,3.386004515,3.837471783,2.934537246,2.483069977,1.58013544,2.708803612,1.58013544,1.805869074,0.677200903,3.611738149,0.225733634,10.15801354,0,0,0,0,0,0,0,0,0,0,2.41
n=,100,100,100,100,100,100,100,100,100,100,100,100,100,100,100,100,0,0,0,0,0,0,0,0,0,0,100.00
,,,,,,,,,,,,,,,,,,,,,,,,,,,
Length=,17,,,,,,,,,,,,,,,,,,,,,,,,,,
Position,1,2,3,4,5,6,7,8,9,10,11,12,13,14,15,16,17,18,19,20,21,22,23,24,25,26,Mean %
R,0,66.49874055,4.282115869,14.35768262,8.564231738,6.801007557,7.556675063,5.793450882,4.534005038,4.534005038,6.04534005,3.778337531,4.534005038,2.518891688,1.259445844,0,0,0,0,0,0,0,0,0,0,0,8.30
K,0,15.36523929,1.007556675,1.511335013,1.007556675,2.01511335,2.01511335,0.755667506,0.251889169,1.259445844,2.01511335,0.503778338,1.259445844,1.007556675,0.251889169,0,0,0,0,0,0,0,0,0,0,0,1.78
N,0,1.511335013,2.01511335,3.778337531,2.01511335,2.01511335,2.518891688,2.770780856,2.770780856,2.770780856,1.259445844,2.518891688,4.534005038,2.518891688,0.251889169,2.267002519,1.511335013,0,0,0,0,0,0,0,0,0,2.18
D,0.251889169,0,24.68513854,3.526448363,5.541561713,8.312342569,7.304785894,6.04534005,5.541561713,4.282115869,3.274559194,4.282115869,7.556675063,1.763224181,0,86.14609572,0.251889169,0,0,0,0,0,0,0,0,0,9.93
Q,0,0.503778338,2.01511335,2.267002519,1.511335013,1.259445844,1.259445844,2.01511335,0.755667506,1.007556675,1.259445844,0.251889169,0.755667506,0.503778338,0.503778338,1.007556675,0.251889169,0,0,0,0,0,0,0,0,0,1.01
E,0.251889169,0,8.060453401,3.526448363,4.282115869,3.778337531,2.518891688,1.763224181,2.01511335,2.518891688,0.755667506,2.01511335,2.518891688,0.755667506,0,3.274559194,0,0,0,0,0,0,0,0,0,0,2.24
H,0,1.511335013,3.526448363,2.267002519,2.01511335,1.007556675,1.007556675,1.259445844,1.763224181,1.763224181,2.518891688,3.274559194,2.770780856,1.511335013,0.251889169,0.503778338,2.267002519,0,0,0,0,0,0,0,0,0,1.72
P,0,0.251889169,2.770780856,10.32745592,5.037783375,4.785894207,3.526448363,2.518891688,3.778337531,2.518891688,3.526448363,3.274559194,3.274559194,5.289672544,1.259445844,0.755667506,8.060453401,0,0,0,0,0,0,0,0,0,3.59
Y,0,0,0.755667506,5.037783375,11.58690176,14.60957179,9.823677582,10.57934509,9.571788413,15.61712846,20.40302267,24.93702771,33.24937028,22.67002519,2.267002519,0.503778338,31.23425693,0,0,0,0,0,0,0,0,0,12.52
W,0,0.251889169,1.511335013,1.763224181,1.763224181,1.763224181,3.778337531,4.0302267,3.526448363,4.282115869,2.01511335,0.755667506,3.778337531,7.808564232,0.251889169,0,0,0,0,0,0,0,0,0,0,0,2.19
S,1.763224181,5.037783375,5.289672544,9.319899244,8.816120907,11.08312343,11.08312343,19.89924433,17.38035264,12.59445844,14.35768262,10.83123426,6.801007557,4.0302267,1.007556675,0.755667506,4.282115869,0,0,0,0,0,0,0,0,0,8.49
T,2.770780856,5.541561713,2.518891688,4.0302267,5.793450882,5.037783375,6.04534005,5.289672544,8.060453401,7.808564232,6.04534005,4.785894207,2.770780856,1.511335013,0.755667506,0.503778338,0.503778338,0,0,0,0,0,0,0,0,0,4.10
G,1.007556675,1.511335013,21.15869018,14.35768262,18.13602015,13.35012594,14.35768262,14.10579345,14.60957179,16.62468514,12.34256927,14.60957179,12.59445844,21.91435768,2.01511335,1.511335013,0.251889169,0,0,0,0,0,0,0,0,0,11.44
A,88.41309824,0,5.289672544,4.0302267,5.037783375,3.022670025,4.534005038,4.785894207,6.549118388,7.304785894,4.0302267,3.022670025,3.274559194,17.38035264,0.755667506,1.007556675,0.251889169,0,0,0,0,0,0,0,0,0,9.33
M,0,0,1.259445844,2.01511335,0.503778338,1.007556675,1.763224181,1.259445844,1.259445844,0,1.511335013,0.251889169,0,1.007556675,21.15869018,0,0.503778338,0,0,0,0,0,0,0,0,0,1.97
C,0,0.503778338,0.251889169,0.503778338,1.511335013,3.526448363,2.518891688,1.763224181,0.251889169,2.518891688,3.022670025,3.526448363,1.259445844,0.503778338,0,0,0.503778338,0,0,0,0,0,0,0,0,0,1.30
F,0,0.251889169,0.503778338,1.259445844,1.763224181,2.01511335,3.778337531,3.022670025,2.770780856,1.259445844,3.778337531,5.289672544,3.274559194,2.01511335,55.6675063,0.755667506,3.274559194,0,0,0,0,0,0,0,0,0,5.33
L,0,0.503778338,6.549118388,7.052896725,7.052896725,5.793450882,3.526448363,4.282115869,7.052896725,3.526448363,5.289672544,5.037783375,2.267002519,2.770780856,9.823677582,0.503778338,5.289672544,0,0,0,0,0,0,0,0,0,4.49
V,5.289672544,0.251889169,5.541561713,6.549118388,4.785894207,4.0302267,7.052896725,5.037783375,5.793450882,5.289672544,3.526448363,5.541561713,1.763224181,2.01511335,0.755667506,0.503778338,25.94458438,0,0,0,0,0,0,0,0,0,5.27
I,0.251889169,0.503778338,1.007556675,2.518891688,3.274559194,4.785894207,4.0302267,3.022670025,1.763224181,2.518891688,3.022670025,1.511335013,1.763224181,0.503778338,1.763224181,0,15.61712846,0,0,0,0,0,0,0,0,0,2.82
n=,100,100,100,100,100,100,100,100,100,100,100,100,100,100,100,100,100,0,0,0,0,0,0,0,0,0,100.00
,,,,,,,,,,,,,,,,,,,,,,,,,,,
Length=,18,,,,,,,,,,,,,,,,,,,,,,,,,,
Position,1,2,3,4,5,6,7,8,9,10,11,12,13,14,15,16,17,18,19,20,21,22,23,24,25,26,Mean %
R,0,72.27722772,4.95049505,13.20132013,11.55115512,6.930693069,8.580858086,5.280528053,6.270627063,1.98019802,7.590759076,3.96039604,3.300330033,2.97029703,1.320132013,0.660066007,0,0.660066007,0,0,0,0,0,0,0,0,8.42
K,0,14.85148515,0.660066007,4.290429043,0.99009901,1.650165017,2.97029703,0.330033003,0.99009901,0.660066007,1.320132013,0.99009901,1.98019802,0.99009901,0.660066007,0,0.330033003,0.330033003,0,0,0,0,0,0,0,0,1.89
N,0,0,0.99009901,2.97029703,1.650165017,1.320132013,1.650165017,1.98019802,2.97029703,3.630363036,2.97029703,3.630363036,5.610561056,6.600660066,0.330033003,0.660066007,0.330033003,1.320132013,0,0,0,0,0,0,0,0,2.15
D,0,0,21.78217822,4.290429043,3.96039604,6.600660066,7.590759076,7.920792079,5.940594059,4.290429043,3.96039604,1.650165017,3.96039604,10.2310231,0.660066007,0.99009901,88.44884488,0.99009901,0,0,0,0,0,0,0,0,9.63
Q,0,0,1.320132013,5.280528053,2.97029703,0.99009901,1.320132013,1.650165017,0.99009901,0.660066007,1.650165017,0,1.320132013,0.330033003,0,0,0.660066007,0,0,0,0,0,0,0,0,0,1.06
E,0,0,12.54125413,1.98019802,3.300330033,3.300330033,1.320132013,1.320132013,2.640264026,0.99009901,2.310231023,1.650165017,1.320132013,1.650165017,0.660066007,0,2.310231023,0,0,0,0,0,0,0,0,0,2.07
H,0,1.650165017,3.96039604,2.310231023,2.640264026,2.310231023,0.99009901,0.660066007,0.660066007,1.320132013,0.660066007,1.98019802,1.320132013,3.300330033,2.640264026,0.99009901,0.99009901,2.310231023,0,0,0,0,0,0,0,0,1.71
P,0,0,1.320132013,9.240924092,6.600660066,4.290429043,1.650165017,2.310231023,2.640264026,3.630363036,2.640264026,6.600660066,6.270627063,2.97029703,4.620462046,1.320132013,0,8.910891089,0,0,0,0,0,0,0,0,3.61
Y,0,0,0.660066007,5.280528053,11.88118812,16.50165017,11.22112211,8.580858086,6.930693069,12.21122112,19.47194719,34.32343234,32.67326733,39.9339934,27.06270627,0.330033003,0,29.04290429,0,0,0,0,0,0,0,0,14.23
W,0,0,0.660066007,0.330033003,0.660066007,0.99009901,1.650165017,3.96039604,5.280528053,1.98019802,2.640264026,2.97029703,2.310231023,1.320132013,9.900990099,0,0.330033003,0,0,0,0,0,0,0,0,0,1.94
S,0.99009901,2.640264026,2.97029703,6.600660066,7.920792079,10.2310231,11.55115512,16.17161716,16.83168317,16.83168317,10.56105611,10.56105611,8.580858086,5.280528053,2.97029703,1.650165017,0.99009901,1.650165017,0,0,0,0,0,0,0,0,7.50
T,2.97029703,3.300330033,2.310231023,4.290429043,5.610561056,3.630363036,5.610561056,6.930693069,5.610561056,6.930693069,2.97029703,4.620462046,4.620462046,1.98019802,0.660066007,0.99009901,0,0,0,0,0,0,0,0,0,0,3.50
G,0.330033003,1.650165017,21.78217822,15.51155116,11.55115512,12.54125413,13.53135314,14.19141914,16.50165017,18.15181518,14.52145215,7.590759076,10.2310231,10.56105611,26.40264026,1.320132013,2.310231023,0,0,0,0,0,0,0,0,0,11.04
A,92.07920792,2.310231023,8.910891089,5.280528053,7.920792079,4.620462046,6.270627063,4.620462046,4.290429043,4.290429043,4.95049505,2.640264026,3.300330033,2.640264026,15.51155116,0.330033003,1.650165017,0.99009901,0,0,0,0,0,0,0,0,9.59
M,0,0.330033003,0,1.320132013,1.320132013,1.320132013,0.99009901,0.660066007,0.99009901,1.98019802,0.330033003,0.330033003,0.660066007,0.330033003,0.330033003,32.34323432,0.330033003,0.660066007,0,0,0,0,0,0,0,0,2.46
C,0.330033003,0,0.660066007,0.330033003,2.640264026,2.310231023,3.96039604,0.99009901,1.650165017,2.310231023,2.310231023,2.97029703,1.320132013,1.320132013,0.660066007,0,0,0.330033003,0,0,0,0,0,0,0,0,1.34
F,0,0,1.320132013,1.320132013,0.99009901,3.300330033,4.95049505,4.95049505,3.630363036,2.640264026,2.310231023,2.97029703,1.650165017,3.300330033,1.320132013,45.21452145,0.330033003,2.640264026,0,0,0,0,0,0,0,0,4.60
L,0,0.330033003,4.620462046,7.920792079,4.620462046,3.96039604,4.290429043,4.620462046,2.97029703,4.290429043,6.930693069,4.290429043,3.96039604,1.650165017,1.320132013,7.920792079,0,3.630363036,0,0,0,0,0,0,0,0,3.74
V,2.97029703,0.330033003,8.580858086,4.95049505,5.940594059,7.920792079,6.930693069,7.590759076,5.610561056,6.600660066,7.260726073,4.290429043,2.97029703,2.640264026,2.310231023,3.300330033,0.99009901,37.29372937,0,0,0,0,0,0,0,0,6.58
I,0.330033003,0.330033003,0,3.300330033,5.280528053,5.280528053,2.97029703,5.280528053,6.600660066,4.620462046,2.640264026,1.98019802,2.640264026,0,0.660066007,1.98019802,0,9.240924092,0,0,0,0,0,0,0,0,2.95
n=,100,100,100,100,100,100,100,100,100,100,100,100,100,100,100,100,100,100,0,0,0,0,0,0,0,0,100.00
,,,,,,,,,,,,,,,,,,,,,,,,,,,
Length=,19,,,,,,,,,,,,,,,,,,,,,,,,,,
Position,1,2,3,4,5,6,7,8,9,10,11,12,13,14,15,16,17,18,19,20,21,22,23,24,25,26,Mean %
R,0,67.77777778,5.555555556,13.33333333,8.518518519,5.185185185,4.814814815,5.185185185,6.296296296,2.592592593,5.925925926,7.777777778,6.666666667,3.703703704,3.703703704,1.851851852,0,0.37037037,0,0,0,0,0,0,0,0,7.86
K,0,15.55555556,1.851851852,2.592592593,1.111111111,2.592592593,2.592592593,0.37037037,1.111111111,1.481481481,0.37037037,2.592592593,1.111111111,0.740740741,0.37037037,0.37037037,0,0,0,0,0,0,0,0,0,0,1.83
N,0,0.37037037,0.37037037,1.481481481,2.592592593,1.481481481,3.333333333,2.962962963,2.222222222,4.074074074,3.333333333,2.962962963,4.814814815,4.814814815,6.666666667,1.111111111,0,0.740740741,0,0,0,0,0,0,0,0,2.28
D,0,0,24.07407407,3.703703704,5.185185185,7.037037037,5.555555556,6.296296296,6.296296296,4.814814815,5.555555556,5.925925926,2.222222222,4.074074074,11.48148148,3.333333333,0,93.33333333,0.740740741,0,0,0,0,0,0,0,9.98
Q,0,0,1.481481481,4.074074074,1.851851852,1.481481481,0,1.481481481,2.222222222,0.740740741,1.851851852,0.37037037,0.37037037,0.740740741,0,0.37037037,0,1.111111111,0.37037037,0,0,0,0,0,0,0,0.97
E,0,0.37037037,11.85185185,5.185185185,2.962962963,4.074074074,1.111111111,1.481481481,1.481481481,0.37037037,2.592592593,2.222222222,1.481481481,1.851851852,0.740740741,1.111111111,0,0.740740741,0,0,0,0,0,0,0,0,2.09
H,0,3.333333333,3.333333333,2.592592593,4.814814815,1.851851852,0.740740741,0.37037037,1.111111111,0.37037037,1.481481481,2.222222222,1.851851852,5.925925926,2.592592593,1.111111111,0,0.37037037,2.962962963,0,0,0,0,0,0,0,1.95
P,0,0,2.592592593,7.037037037,5.555555556,6.666666667,2.222222222,2.222222222,2.592592593,3.333333333,6.666666667,4.074074074,3.703703704,5.555555556,2.222222222,4.444444444,0.740740741,0.37037037,10.37037037,0,0,0,0,0,0,0,3.70
Y,0,0,2.222222222,4.444444444,8.888888889,16.66666667,17.77777778,10.74074074,5.185185185,6.296296296,13.33333333,22.22222222,35.92592593,36.66666667,42.22222222,22.22222222,1.111111111,0,22.59259259,0,0,0,0,0,0,0,14.13
W,0,0,0.740740741,0.37037037,2.222222222,1.481481481,0.740740741,5.925925926,4.814814815,4.074074074,1.481481481,1.481481481,1.851851852,1.851851852,4.444444444,9.259259259,0.37037037,0,0,0,0,0,0,0,0,0,2.16
S,0.740740741,4.074074074,4.814814815,7.037037037,7.407407407,10.74074074,10.74074074,15.92592593,18.51851852,17.03703704,21.11111111,10.37037037,7.407407407,7.037037037,5.555555556,2.592592593,1.111111111,0.37037037,2.592592593,0,0,0,0,0,0,0,8.17
T,2.962962963,4.074074074,2.962962963,3.333333333,5.555555556,4.444444444,4.444444444,5.925925926,7.037037037,7.777777778,4.074074074,2.222222222,2.592592593,3.703703704,1.851851852,2.222222222,0,0,0,0,0,0,0,0,0,0,3.43
G,0,1.111111111,17.03703704,15.55555556,14.44444444,11.48148148,11.85185185,11.85185185,18.51851852,20.74074074,17.77777778,12.59259259,7.407407407,5.185185185,10,32.96296296,0.740740741,0.740740741,0,0,0,0,0,0,0,0,11.05
A,90,1.851851852,5.925925926,5.925925926,3.703703704,5.925925926,5.925925926,5.185185185,5.925925926,5.925925926,4.074074074,5.555555556,4.814814815,1.851851852,2.222222222,12.59259259,0,1.111111111,1.111111111,0,0,0,0,0,0,0,8.93
M,0,0.37037037,1.111111111,1.111111111,1.111111111,0.740740741,1.851851852,0.740740741,0.37037037,0.37037037,0.740740741,0.740740741,1.111111111,0.740740741,0,0.37037037,33.7037037,0.37037037,0,0,0,0,0,0,0,0,2.40
C,0.37037037,0.37037037,0.740740741,0.740740741,2.222222222,0.740740741,5.185185185,5.555555556,0.740740741,2.222222222,0.37037037,5.555555556,3.703703704,0.37037037,0.37037037,0,0.37037037,0,0.37037037,0,0,0,0,0,0,0,1.58
F,0,0,0.37037037,1.481481481,3.703703704,3.703703704,4.074074074,4.074074074,4.814814815,5.925925926,1.851851852,2.962962963,6.296296296,2.592592593,2.222222222,1.851851852,49.25925926,0,0.37037037,0,0,0,0,0,0,0,5.03
L,0,0.37037037,3.703703704,9.62962963,8.148148148,4.444444444,5.925925926,4.444444444,2.222222222,3.333333333,2.592592593,4.074074074,2.962962963,6.296296296,0.740740741,0,8.148148148,0,4.814814815,0,0,0,0,0,0,0,3.78
V,5.925925926,0,7.777777778,6.296296296,5.925925926,7.037037037,7.037037037,7.407407407,4.814814815,5.555555556,2.592592593,2.222222222,1.851851852,2.962962963,1.851851852,1.111111111,2.222222222,0.37037037,40.37037037,0,0,0,0,0,0,0,5.96
I,0,0.37037037,1.481481481,4.074074074,4.074074074,2.222222222,4.074074074,1.851851852,3.703703704,2.962962963,2.222222222,1.851851852,1.851851852,3.333333333,0.740740741,1.111111111,2.222222222,0,13.33333333,0,0,0,0,0,0,0,2.71
n=,100,100,100,100,100,100,100,100,100,100,100,100,100,100,100,100,100,100,100,0,0,0,0,0,0,0,100.00
,,,,,,,,,,,,,,,,,,,,,,,,,,,
Length=,20,,,,,,,,,,,,,,,,,,,,,,,,,,
Position,1,2,3,4,5,6,7,8,9,10,11,12,13,14,15,16,17,18,19,20,21,22,23,24,25,26,Mean %
R,0,75.5186722,2.489626556,12.44813278,9.958506224,5.809128631,7.468879668,3.319502075,2.904564315,18.67219917,20.33195021,7.468879668,3.734439834,4.979253112,7.468879668,2.904564315,0.829875519,0.414937759,0,0.414937759,0,0,0,0,0,0,9.36
K,0,13.69294606,0.829875519,1.659751037,2.489626556,1.244813278,0.829875519,0.414937759,1.659751037,0.829875519,2.904564315,1.659751037,0.829875519,1.244813278,3.319502075,7.468879668,0.414937759,0,0,0,0,0,0,0,0,0,2.07
N,0,0,0.829875519,2.904564315,1.659751037,5.809128631,3.319502075,3.734439834,2.074688797,4.564315353,2.074688797,3.319502075,2.074688797,1.659751037,3.734439834,14.10788382,1.244813278,0,0.829875519,2.074688797,0,0,0,0,0,0,2.80
D,0,0,21.16182573,3.319502075,4.979253112,8.713692946,4.979253112,4.149377593,7.468879668,5.394190871,3.734439834,2.904564315,1.659751037,3.734439834,2.489626556,8.713692946,1.244813278,0,94.60580913,0,0,0,0,0,0,0,8.96
Q,0,0,0.829875519,3.734439834,1.244813278,2.904564315,2.489626556,1.659751037,0.829875519,0.414937759,0.829875519,0,2.904564315,2.074688797,1.659751037,0.829875519,0,0,1.244813278,0.414937759,0,0,0,0,0,0,1.20
E,0,0.414937759,9.128630705,2.904564315,2.489626556,4.564315353,0.829875519,1.659751037,0.414937759,1.244813278,2.489626556,1.659751037,1.244813278,1.244813278,2.904564315,0.829875519,0,0,1.659751037,0,0,0,0,0,0,0,1.78
H,0,1.659751037,2.074688797,2.489626556,1.244813278,1.659751037,2.074688797,1.244813278,1.659751037,0.414937759,2.074688797,1.659751037,0.829875519,2.489626556,2.074688797,1.659751037,0,0,0,0.829875519,0,0,0,0,0,0,1.31
P,0,0,2.904564315,5.394190871,5.809128631,3.319502075,4.564315353,2.904564315,1.659751037,2.904564315,4.564315353,3.734439834,21.16182573,20.74688797,7.468879668,0.414937759,2.489626556,0.829875519,0,11.2033195,0,0,0,0,0,0,5.10
Y,0,0.829875519,0.829875519,2.074688797,6.22406639,13.69294606,7.468879668,9.958506224,5.394190871,7.468879668,9.543568465,9.958506224,24.89626556,28.63070539,27.38589212,39.8340249,20.74688797,1.659751037,0.829875519,14.52282158,0,0,0,0,0,0,11.60
W,0,0,0.414937759,1.244813278,0.414937759,3.319502075,1.659751037,3.734439834,5.394190871,3.734439834,1.244813278,3.319502075,2.074688797,2.074688797,0.829875519,0.414937759,12.44813278,0.414937759,0.414937759,0,0,0,0,0,0,0,2.16
S,0,2.489626556,3.319502075,6.22406639,22.82157676,7.053941909,9.543568465,13.69294606,14.10788382,8.713692946,17.42738589,7.053941909,9.128630705,6.22406639,4.979253112,4.149377593,2.489626556,1.244813278,0,2.489626556,0,0,0,0,0,0,7.16
T,2.489626556,3.319502075,2.074688797,3.734439834,3.734439834,3.734439834,16.59751037,2.074688797,2.904564315,10.78838174,3.734439834,3.734439834,2.489626556,3.319502075,7.468879668,2.904564315,5.394190871,0.414937759,0,0.829875519,0,0,0,0,0,0,4.09
G,0.414937759,0.829875519,32.36514523,13.2780083,12.03319502,17.84232365,12.44813278,10.78838174,19.91701245,12.86307054,10.78838174,26.5560166,8.713692946,8.713692946,3.734439834,8.713692946,23.23651452,0,0.414937759,0,0,0,0,0,0,0,11.18
A,94.19087137,0,6.22406639,3.319502075,2.074688797,4.979253112,2.489626556,21.57676349,13.2780083,4.149377593,2.074688797,3.319502075,4.149377593,2.489626556,12.03319502,0.414937759,25.31120332,0,0,0.414937759,0,0,0,0,0,0,10.12
M,0,0.414937759,0.414937759,2.489626556,0.414937759,1.244813278,3.319502075,1.659751037,0.829875519,0.414937759,0,2.489626556,0.414937759,0.414937759,1.244813278,0,0,46.47302905,0,1.244813278,0,0,0,0,0,0,3.17
C,0,0.414937759,0.414937759,0,1.244813278,1.244813278,5.809128631,1.244813278,0.829875519,2.074688797,1.244813278,6.639004149,1.659751037,0.414937759,1.659751037,0.829875519,0,0,0,0,0,0,0,0,0,0,1.29
F,0,0,0.414937759,2.489626556,1.244813278,2.904564315,2.904564315,2.904564315,4.979253112,1.244813278,0.829875519,2.489626556,2.904564315,2.074688797,2.074688797,2.074688797,1.244813278,36.09958506,0,2.904564315,0,0,0,0,0,0,3.59
L,0,0,1.659751037,24.89626556,6.22406639,2.489626556,2.489626556,1.659751037,3.319502075,4.564315353,6.22406639,3.734439834,3.734439834,3.734439834,3.319502075,0.414937759,1.244813278,8.298755187,0,1.244813278,0,0,0,0,0,0,3.96
V,2.904564315,0,10.37344398,3.319502075,8.713692946,4.149377593,4.149377593,8.713692946,5.394190871,6.22406639,4.564315353,5.394190871,3.319502075,2.489626556,3.319502075,2.904564315,0.829875519,2.489626556,0,53.52697095,0,0,0,0,0,0,6.64
I,0,0.414937759,1.244813278,2.074688797,4.979253112,3.319502075,4.564315353,2.904564315,4.979253112,3.319502075,3.319502075,2.904564315,2.074688797,1.244813278,0.829875519,0.414937759,0.829875519,1.659751037,0,7.883817427,0,0,0,0,0,0,2.45
n=,100,100,100,100,100,100,100,100,100,100,100,100,100,100,100,100,100,100,100,100,0,0,0,0,0,0,100.00
,,,,,,,,,,,,,,,,,,,,,,,,,,,
Length=,21,,,,,,,,,,,,,,,,,,,,,,,,,,
Position,1,2,3,4,5,6,7,8,9,10,11,12,13,14,15,16,17,18,19,20,21,22,23,24,25,26,Mean %
R,0,73.38129496,6.474820144,13.66906475,13.66906475,6.474820144,5.035971223,5.035971223,1.438848921,4.316546763,3.597122302,5.755395683,4.316546763,6.474820144,6.474820144,2.877697842,2.158273381,0.71942446,0,0,0,0,0,0,0,0,7.71
K,0,14.38848921,0,0.71942446,2.158273381,0.71942446,2.877697842,1.438848921,0,0.71942446,2.158273381,0.71942446,2.158273381,0,0.71942446,3.597122302,0,0,0,0.71942446,0,0,0,0,0,0,1.58
N,0.71942446,0.71942446,1.438848921,3.597122302,2.158273381,3.597122302,2.877697842,2.877697842,5.035971223,0.71942446,2.877697842,5.035971223,0.71942446,5.035971223,2.158273381,5.035971223,5.755395683,0.71942446,0,0.71942446,0,0,0,0,0,0,2.47
D,0,0,26.61870504,7.913669065,7.194244604,10.79136691,3.597122302,6.474820144,8.633093525,4.316546763,4.316546763,4.316546763,2.877697842,4.316546763,2.158273381,7.194244604,7.194244604,0,0,97.84172662,0.71942446,0,0,0,0,0,9.83
Q,0,0,2.877697842,2.158273381,1.438848921,0.71942446,2.158273381,0.71942446,1.438848921,0,2.158273381,1.438848921,0,3.597122302,1.438848921,2.158273381,0,0,0,0,0,0,0,0,0,0,1.06
E,0,0.71942446,9.352517986,2.158273381,2.158273381,4.316546763,2.877697842,0.71942446,2.877697842,2.158273381,2.877697842,1.438848921,1.438848921,2.158273381,0.71942446,1.438848921,1.438848921,0,0,0.71942446,0,0,0,0,0,0,1.88
H,0,0.71942446,5.755395683,2.877697842,7.194244604,2.158273381,1.438848921,0,1.438848921,1.438848921,0,0.71942446,3.597122302,2.158273381,3.597122302,2.158273381,2.877697842,1.438848921,0,0,2.158273381,0,0,0,0,0,1.99
P,0,0.71942446,2.158273381,8.633093525,5.755395683,4.316546763,2.158273381,2.158273381,2.877697842,6.474820144,5.035971223,3.597122302,6.474820144,3.597122302,7.913669065,3.597122302,1.438848921,3.597122302,2.158273381,0,7.913669065,0,0,0,0,0,3.84
Y,0,0,1.438848921,2.877697842,11.51079137,12.94964029,18.70503597,10.79136691,8.633093525,6.474820144,13.66906475,12.23021583,23.02158273,27.3381295,38.84892086,46.76258993,56.83453237,24.46043165,0.71942446,0,19.42446043,0,0,0,0,0,16.03
W,0,0,2.158273381,1.438848921,0,3.597122302,2.158273381,6.474820144,2.877697842,5.035971223,0,3.597122302,1.438848921,1.438848921,0,0,2.877697842,6.474820144,0,0,0,0,0,0,0,0,1.88
S,0.71942446,5.035971223,1.438848921,5.035971223,4.316546763,9.352517986,10.79136691,17.26618705,18.70503597,14.38848921,14.38848921,7.913669065,11.51079137,7.194244604,10.79136691,2.158273381,3.597122302,1.438848921,2.158273381,0,1.438848921,0,0,0,0,0,7.13
T,5.035971223,3.597122302,0.71942446,4.316546763,6.474820144,2.877697842,6.474820144,5.755395683,5.035971223,9.352517986,6.474820144,7.913669065,8.633093525,4.316546763,2.877697842,5.755395683,1.438848921,2.158273381,0,0,0,0,0,0,0,0,4.25
G,0,0.71942446,14.38848921,15.82733813,13.66906475,11.51079137,6.474820144,15.10791367,9.352517986,13.66906475,12.23021583,13.66906475,5.755395683,6.474820144,6.474820144,7.194244604,5.755395683,45.32374101,0.71942446,0,0,0,0,0,0,0,9.73
A,90.64748201,0,10.07194245,7.913669065,2.158273381,1.438848921,2.877697842,2.877697842,2.877697842,5.755395683,7.194244604,7.194244604,2.158273381,5.035971223,2.158273381,2.158273381,2.158273381,10.07194245,0.71942446,0,0,0,0,0,0,0,7.88
M,0,0,0,0,2.877697842,1.438848921,0,1.438848921,2.158273381,0,0.71942446,0,1.438848921,0,0.71942446,0,0,0,51.07913669,0,1.438848921,0,0,0,0,0,3.01
C,0,0,0.71942446,0,2.877697842,4.316546763,2.877697842,1.438848921,2.158273381,3.597122302,4.316546763,3.597122302,1.438848921,2.877697842,0.71942446,0.71942446,0.71942446,0,0,0,0.71942446,0,0,0,0,0,1.58
F,0,0,1.438848921,3.597122302,1.438848921,5.035971223,7.194244604,2.877697842,3.597122302,2.158273381,2.158273381,5.755395683,5.755395683,2.877697842,1.438848921,5.035971223,1.438848921,1.438848921,36.69064748,0,0.71942446,0,0,0,0,0,4.32
L,0,0,5.035971223,7.913669065,5.035971223,5.755395683,5.755395683,2.877697842,3.597122302,5.035971223,8.633093525,5.035971223,5.035971223,7.194244604,5.035971223,0.71942446,1.438848921,0.71942446,5.035971223,0,3.597122302,0,0,0,0,0,3.97
V,2.877697842,0,7.194244604,3.597122302,3.597122302,4.316546763,7.913669065,10.79136691,13.66906475,9.352517986,3.597122302,7.194244604,7.194244604,3.597122302,2.158273381,0.71942446,1.438848921,0.71942446,0,0,53.23741007,0,0,0,0,0,6.82
I,0,0,0.71942446,5.755395683,4.316546763,4.316546763,5.755395683,2.877697842,3.597122302,5.035971223,3.597122302,2.877697842,5.035971223,4.316546763,3.597122302,0.71942446,1.438848921,0.71942446,0.71942446,0,8.633093525,0,0,0,0,0,3.05
n=,100,100,100,100,100,100,100,100,100,100,100,100,100,100,100,100,100,100,100,100,100,0,0,0,0,0,100.00
,,,,,,,,,,,,,,,,,,,,,,,,,,,
Length=,22,,,,,,,,,,,,,,,,,,,,,,,,,,
Position,1,2,3,4,5,6,7,8,9,10,11,12,13,14,15,16,17,18,19,20,21,22,23,24,25,26,Mean %
R,0,59.09090909,7.142857143,13.63636364,9.74025974,14.93506494,1.298701299,1.298701299,13.63636364,1.948051948,3.896103896,5.844155844,5.844155844,4.545454545,11.03896104,2.597402597,3.246753247,1.948051948,0.649350649,0,0,0,0,0,0,0,7.38
K,0,18.83116883,4.545454545,1.298701299,0.649350649,3.246753247,1.948051948,0,3.246753247,0.649350649,0.649350649,0.649350649,2.597402597,1.298701299,1.948051948,2.597402597,0.649350649,0,0,0,0,0,0,0,0,0,2.04
N,0.649350649,0,1.298701299,3.246753247,0.649350649,3.246753247,2.597402597,1.948051948,2.597402597,1.298701299,1.298701299,0.649350649,2.597402597,4.545454545,4.545454545,4.545454545,0,7.142857143,0.649350649,1.948051948,0.649350649,0,0,0,0,0,2.10
D,0,0,33.11688312,2.597402597,3.896103896,3.246753247,6.493506494,6.493506494,9.74025974,9.090909091,3.896103896,2.597402597,1.948051948,12.98701299,2.597402597,1.298701299,1.948051948,7.792207792,1.298701299,0,94.80519481,1.298701299,0,0,0,0,9.42
Q,0.649350649,0,0,2.597402597,1.298701299,0.649350649,0,0.649350649,1.948051948,0.649350649,1.948051948,1.948051948,1.298701299,0.649350649,0.649350649,2.597402597,0,0,0,0,3.246753247,0.649350649,0,0,0,0,0.97
E,0,0,5.194805195,2.597402597,2.597402597,2.597402597,1.298701299,1.298701299,2.597402597,0.649350649,1.298701299,1.298701299,10.38961039,3.896103896,1.298701299,2.597402597,3.246753247,1.948051948,0.649350649,0,0.649350649,0,0,0,0,0,2.10
H,0,0,1.948051948,2.597402597,3.896103896,2.597402597,1.948051948,0.649350649,0,0,0.649350649,1.948051948,2.597402597,1.298701299,0.649350649,1.948051948,6.493506494,0.649350649,3.246753247,0,0,2.597402597,0,0,0,0,1.62
P,0,0,1.948051948,11.68831169,12.98701299,3.246753247,7.142857143,3.246753247,1.948051948,5.194805195,3.896103896,0.649350649,3.896103896,3.246753247,5.194805195,5.844155844,6.493506494,0.649350649,0.649350649,4.545454545,0,7.142857143,0,0,0,0,4.07
Y,0,0,0.649350649,7.792207792,8.441558442,9.74025974,17.53246753,9.090909091,11.03896104,3.896103896,6.493506494,11.68831169,12.98701299,20.77922078,41.55844156,47.4025974,47.4025974,55.84415584,35.71428571,0.649350649,0,11.03896104,0,0,0,0,16.35
W,0,0,0.649350649,2.597402597,0.649350649,1.948051948,1.948051948,1.948051948,0,3.896103896,5.194805195,1.948051948,2.597402597,1.948051948,1.298701299,1.948051948,1.948051948,3.246753247,9.090909091,0,0,0.649350649,0,0,0,0,1.98
S,0.649350649,1.948051948,3.896103896,7.792207792,5.194805195,3.896103896,7.792207792,18.18181818,11.03896104,12.98701299,15.58441558,17.53246753,9.090909091,6.493506494,5.844155844,2.597402597,5.194805195,5.194805195,2.597402597,0,0,1.948051948,0,0,0,0,6.61
T,5.194805195,16.23376623,1.948051948,1.948051948,7.142857143,2.597402597,4.545454545,1.948051948,3.896103896,5.194805195,4.545454545,5.194805195,3.246753247,8.441558442,3.246753247,3.246753247,1.948051948,0.649350649,1.948051948,0,0,1.948051948,0,0,0,0,3.87
G,2.597402597,0.649350649,19.48051948,16.23376623,10.38961039,11.68831169,10.38961039,12.33766234,11.03896104,23.37662338,11.03896104,11.68831169,14.93506494,5.844155844,8.441558442,12.98701299,4.545454545,7.792207792,35.06493506,0.649350649,0,0,0,0,0,0,10.51
A,83.76623377,1.298701299,5.194805195,1.298701299,7.792207792,3.246753247,3.896103896,5.194805195,2.597402597,4.545454545,4.545454545,8.441558442,5.844155844,4.545454545,0.649350649,3.246753247,3.896103896,1.298701299,7.792207792,0,0,0,0,0,0,0,7.23
M,0,0.649350649,1.948051948,1.948051948,2.597402597,0.649350649,10.38961039,3.246753247,0,5.844155844,3.896103896,2.597402597,1.298701299,0.649350649,0,0,1.298701299,0.649350649,0,46.75324675,0.649350649,0.649350649,0,0,0,0,3.90
C,0,0,0.649350649,1.298701299,0.649350649,2.597402597,5.844155844,1.948051948,1.948051948,1.298701299,5.194805195,1.948051948,1.948051948,1.298701299,0.649350649,0,0.649350649,0.649350649,0,0,0,0,0,0,0,0,1.30
F,0,0,0.649350649,3.246753247,10.38961039,5.194805195,1.948051948,3.246753247,4.545454545,4.545454545,2.597402597,1.298701299,1.298701299,4.545454545,3.246753247,1.298701299,3.246753247,3.246753247,0.649350649,36.36363636,0,0.649350649,0,0,0,0,4.19
L,0,0.649350649,1.298701299,9.090909091,1.948051948,4.545454545,3.246753247,5.194805195,2.597402597,5.194805195,6.493506494,6.493506494,4.545454545,2.597402597,2.597402597,1.298701299,2.597402597,1.298701299,0,6.493506494,0,6.493506494,0,0,0,0,3.39
V,4.545454545,0.649350649,7.792207792,4.545454545,6.493506494,5.194805195,5.194805195,9.74025974,10.38961039,7.142857143,15.58441558,9.74025974,5.844155844,5.844155844,1.948051948,0,3.246753247,0,0,1.948051948,0,59.74025974,0,0,0,0,7.53
I,1.948051948,0,0.649350649,1.948051948,2.597402597,14.93506494,4.545454545,12.33766234,5.194805195,2.597402597,1.298701299,5.844155844,5.194805195,4.545454545,2.597402597,1.948051948,1.948051948,0,0,0.649350649,0,5.194805195,0,0,0,0,3.45
n=,100,100,100,100,100,100,100,100,100,100,100,100,100,100,100,100,100,100,100,100,100,100,0,0,0,0,100.00
,,,,,,,,,,,,,,,,,,,,,,,,,,,
Length=,23,,,,,,,,,,,,,,,,,,,,,,,,,,
Position,1,2,3,4,5,6,7,8,9,10,11,12,13,14,15,16,17,18,19,20,21,22,23,24,25,26,Mean %
R,0,69.3877551,0,12.24489796,8.163265306,2.040816327,4.081632653,8.163265306,2.040816327,6.12244898,4.081632653,0,12.24489796,6.12244898,6.12244898,12.24489796,8.163265306,4.081632653,2.040816327,4.081632653,0,0,0,0,0,0,7.45
K,0,20.40816327,0,4.081632653,2.040816327,2.040816327,0,0,0,0,0,0,0,0,2.040816327,4.081632653,0,0,0,0,0,0,0,0,0,0,1.51
N,0,0,2.040816327,2.040816327,4.081632653,2.040816327,4.081632653,2.040816327,0,4.081632653,0,0,0,4.081632653,6.12244898,4.081632653,2.040816327,0,4.081632653,0,0,2.040816327,2.040816327,0,0,0,1.95
D,0,0,36.73469388,6.12244898,4.081632653,10.20408163,10.20408163,10.20408163,6.12244898,4.081632653,8.163265306,0,2.040816327,8.163265306,14.28571429,2.040816327,6.12244898,2.040816327,8.163265306,0,0,97.95918367,0,0,0,0,10.29
Q,0,0,4.081632653,4.081632653,0,4.081632653,4.081632653,0,0,2.040816327,0,4.081632653,2.040816327,0,2.040816327,2.040816327,0,2.040816327,0,0,0,0,0,0,0,0,1.33
E,0,0,2.040816327,2.040816327,12.24489796,6.12244898,0,2.040816327,6.12244898,4.081632653,6.12244898,0,2.040816327,0,8.163265306,2.040816327,4.081632653,0,0,0,0,0,0,0,0,0,2.48
H,0,0,2.040816327,0,2.040816327,0,2.040816327,2.040816327,0,0,4.081632653,2.040816327,2.040816327,6.12244898,0,4.081632653,2.040816327,4.081632653,4.081632653,0,0,0,2.040816327,0,0,0,1.69
P,0,0,0,10.20408163,6.12244898,4.081632653,0,0,2.040816327,6.12244898,2.040816327,8.163265306,6.12244898,12.24489796,8.163265306,6.12244898,6.12244898,4.081632653,0,0,0,0,4.081632653,0,0,0,3.73
Y,0,0,2.040816327,4.081632653,4.081632653,20.40816327,28.57142857,12.24489796,14.28571429,4.081632653,10.20408163,14.28571429,18.36734694,6.12244898,16.32653061,32.65306122,51.02040816,59.18367347,65.30612245,22.44897959,0,0,12.24489796,0,0,0,17.30
W,0,0,0,0,4.081632653,0,2.040816327,4.081632653,6.12244898,10.20408163,2.040816327,12.24489796,4.081632653,0,2.040816327,2.040816327,0,0,2.040816327,6.12244898,0,0,0,0,0,0,2.48
S,0,4.081632653,2.040816327,10.20408163,8.163265306,12.24489796,10.20408163,16.32653061,20.40816327,16.32653061,16.32653061,20.40816327,10.20408163,8.163265306,10.20408163,8.163265306,2.040816327,6.12244898,2.040816327,0,2.040816327,0,0,0,0,0,8.07
T,2.040816327,2.040816327,2.040816327,6.12244898,2.040816327,8.163265306,2.040816327,0,4.081632653,2.040816327,6.12244898,4.081632653,2.040816327,8.163265306,6.12244898,4.081632653,2.040816327,2.040816327,2.040816327,0,0,0,2.040816327,0,0,0,3.02
G,0,0,18.36734694,18.36734694,10.20408163,8.163265306,10.20408163,12.24489796,8.163265306,12.24489796,18.36734694,18.36734694,12.24489796,16.32653061,8.163265306,4.081632653,6.12244898,4.081632653,4.081632653,46.93877551,0,0,0,0,0,0,10.29
A,93.87755102,0,2.040816327,2.040816327,10.20408163,2.040816327,4.081632653,4.081632653,2.040816327,6.12244898,2.040816327,2.040816327,6.12244898,6.12244898,2.040816327,0,2.040816327,0,0,8.163265306,0,0,0,0,0,0,6.74
M,0,0,2.040816327,0,4.081632653,0,0,0,2.040816327,0,0,0,0,0,4.081632653,0,0,0,0,0,57.14285714,0,0,0,0,0,3.02
C,0,0,0,0,4.081632653,0,2.040816327,6.12244898,2.040816327,4.081632653,2.040816327,4.081632653,6.12244898,2.040816327,0,2.040816327,2.040816327,0,2.040816327,0,0,0,0,0,0,0,1.69
F,0,0,0,4.081632653,0,0,2.040816327,8.163265306,10.20408163,4.081632653,6.12244898,2.040816327,0,2.040816327,2.040816327,2.040816327,2.040816327,6.12244898,0,2.040816327,30.6122449,0,4.081632653,0,0,0,3.82
L,2.040816327,0,6.12244898,6.12244898,8.163265306,12.24489796,4.081632653,2.040816327,0,4.081632653,6.12244898,6.12244898,6.12244898,4.081632653,0,6.12244898,4.081632653,6.12244898,4.081632653,6.12244898,8.163265306,0,4.081632653,0,0,0,4.61
V,2.040816327,0,16.32653061,4.081632653,6.12244898,4.081632653,6.12244898,6.12244898,10.20408163,8.163265306,4.081632653,0,6.12244898,8.163265306,2.040816327,0,0,0,0,4.081632653,0,0,63.26530612,0,0,0,6.57
I,0,4.081632653,2.040816327,4.081632653,0,2.040816327,4.081632653,4.081632653,4.081632653,2.040816327,2.040816327,2.040816327,2.040816327,2.040816327,0,2.040816327,0,0,0,0,2.040816327,0,6.12244898,0,0,0,1.95
n=,100,100,100,100,100,100,100,100,100,100,100,100,100,100,100,100,100,100,100,100,100,100,100,0,0,0,100.00
,,,,,,,,,,,,,,,,,,,,,,,,,,,
Length=,24,,,,,,,,,,,,,,,,,,,,,,,,,,
Position,1,2,3,4,5,6,7,8,9,10,11,12,13,14,15,16,17,18,19,20,21,22,23,24,25,26,Mean %
R,0,71.66666667,3.333333333,11.66666667,16.66666667,11.66666667,3.333333333,6.666666667,0,5,5,5,1.666666667,1.666666667,10,8.333333333,8.333333333,8.333333333,3.333333333,0,3.333333333,0,0,0,0,0,7.71
K,0,13.33333333,1.666666667,6.666666667,6.666666667,1.666666667,3.333333333,0,0,0,3.333333333,0,0,1.666666667,1.666666667,1.666666667,0,0,1.666666667,0,0,0,0,0,0,0,1.81
N,0,1.666666667,3.333333333,0,1.666666667,3.333333333,5,5,5,5,1.666666667,1.666666667,3.333333333,5,6.666666667,5,1.666666667,5,3.333333333,8.333333333,0,0,0,0,0,0,2.99
D,0,0,23.33333333,1.666666667,5,5,5,11.66666667,8.333333333,8.333333333,6.666666667,6.666666667,1.666666667,1.666666667,1.666666667,8.333333333,5,0,3.333333333,3.333333333,1.666666667,0,98.33333333,0,0,0,8.61
Q,0,0,3.333333333,1.666666667,0,0,3.333333333,0,1.666666667,1.666666667,1.666666667,0,1.666666667,3.333333333,8.333333333,1.666666667,5,0,0,0,0,0,0,0,0,0,1.39
E,0,0,15,1.666666667,6.666666667,11.66666667,0,0,5,3.333333333,3.333333333,0,5,3.333333333,0,1.666666667,5,5,1.666666667,1.666666667,0,0,0,0,0,0,2.92
H,0,0,1.666666667,1.666666667,1.666666667,0,1.666666667,1.666666667,1.666666667,0,0,1.666666667,3.333333333,3.333333333,3.333333333,0,3.333333333,1.666666667,1.666666667,3.333333333,1.666666667,0,0,3.333333333,0,0,1.53
P,0,0,1.666666667,10,6.666666667,6.666666667,11.66666667,10,5,5,0,0,3.333333333,5,8.333333333,10,6.666666667,0,3.333333333,3.333333333,3.333333333,0,0,8.333333333,0,0,4.51
Y,0,0,0,3.333333333,6.666666667,13.33333333,16.66666667,10,15,5,8.333333333,16.66666667,13.33333333,10,13.33333333,20,35,50,51.66666667,58.33333333,20,0,0,10,0,0,15.69
W,0,0,0,3.333333333,0,0,3.333333333,3.333333333,0,8.333333333,3.333333333,5,3.333333333,1.666666667,5,0,3.333333333,1.666666667,1.666666667,1.666666667,6.666666667,0,0,0,0,0,2.15
S,1.666666667,5,1.666666667,10,5,11.66666667,10,15,13.33333333,8.333333333,21.66666667,11.66666667,16.66666667,13.33333333,6.666666667,10,0,5,3.333333333,1.666666667,1.666666667,1.666666667,0,0,0,0,7.29
T,1.666666667,6.666666667,1.666666667,6.666666667,3.333333333,6.666666667,5,6.666666667,5,6.666666667,1.666666667,3.333333333,1.666666667,3.333333333,3.333333333,1.666666667,8.333333333,3.333333333,1.666666667,3.333333333,0,0,0,0,0,0,3.40
G,0,0,18.33333333,10,13.33333333,8.333333333,8.333333333,10,10,13.33333333,13.33333333,11.66666667,15,10,10,13.33333333,5,3.333333333,3.333333333,10,50,0,1.666666667,0,0,0,9.93
A,95,0,8.333333333,5,5,1.666666667,3.333333333,3.333333333,6.666666667,1.666666667,1.666666667,3.333333333,3.333333333,5,3.333333333,6.666666667,1.666666667,1.666666667,6.666666667,1.666666667,10,0,0,1.666666667,0,0,7.36
M,0,0,1.666666667,5,1.666666667,0,0,3.333333333,0,1.666666667,1.666666667,0,3.333333333,0,0,1.666666667,0,0,0,0,0,56.66666667,0,0,0,0,3.19
C,0,1.666666667,0,0,0,5,6.666666667,0,3.333333333,1.666666667,5,6.666666667,3.333333333,1.666666667,1.666666667,0,3.333333333,0,1.666666667,0,1.666666667,0,0,1.666666667,0,0,1.88
F,0,0,0,6.666666667,3.333333333,1.666666667,3.333333333,6.666666667,6.666666667,6.666666667,10,6.666666667,3.333333333,8.333333333,1.666666667,1.666666667,1.666666667,0,1.666666667,0,0,33.33333333,0,3.333333333,0,0,4.44
L,0,0,5,11.66666667,3.333333333,3.333333333,3.333333333,0,3.333333333,6.666666667,5,5,6.666666667,11.66666667,6.666666667,1.666666667,3.333333333,5,1.666666667,1.666666667,0,5,0,1.666666667,0,0,3.82
V,1.666666667,0,10,0,3.333333333,6.666666667,1.666666667,6.666666667,5,1.666666667,5,11.66666667,8.333333333,5,3.333333333,1.666666667,3.333333333,8.333333333,5,0,0,0,0,65,0,0,6.39
I,0,0,0,3.333333333,10,1.666666667,5,0,5,10,1.666666667,3.333333333,1.666666667,5,5,5,0,1.666666667,3.333333333,1.666666667,0,3.333333333,0,5,0,0,2.99
n=,100,100,100,100,100,100,100,100,100,100,100,100,100,100,100,100,100,100,100,100,100,100,100,100,0,0,100.00
,,,,,,,,,,,,,,,,,,,,,,,,,,,
Length=,25,,,,,,,,,,,,,,,,,,,,,,,,,,
Position,1,2,3,4,5,6,7,8,9,10,11,12,13,14,15,16,17,18,19,20,21,22,23,24,25,26,Mean %
R,0,83.78378378,2.702702703,13.51351351,8.108108108,8.108108108,2.702702703,2.702702703,5.405405405,0,0,5.405405405,8.108108108,2.702702703,5.405405405,0,8.108108108,8.108108108,8.108108108,0,0,0,0,0,0,0,6.92
K,0,5.405405405,0,5.405405405,5.405405405,2.702702703,2.702702703,0,2.702702703,0,0,2.702702703,2.702702703,0,0,0,2.702702703,0,0,2.702702703,0,0,0,0,0,0,1.41
N,0,0,0,2.702702703,0,2.702702703,0,2.702702703,0,0,2.702702703,0,0,2.702702703,0,2.702702703,5.405405405,0,0,2.702702703,2.702702703,2.702702703,0,0,0,0,1.19
D,0,2.702702703,35.13513514,10.81081081,2.702702703,8.108108108,5.405405405,5.405405405,5.405405405,5.405405405,5.405405405,0,5.405405405,2.702702703,2.702702703,5.405405405,2.702702703,0,5.405405405,5.405405405,10.81081081,2.702702703,0,94.59459459,0,0,8.97
Q,0,0,2.702702703,8.108108108,0,2.702702703,0,0,0,0,2.702702703,0,0,0,2.702702703,0,0,0,2.702702703,2.702702703,0,0,0,2.702702703,0,0,1.08
E,0,0,10.81081081,2.702702703,2.702702703,0,5.405405405,5.405405405,5.405405405,8.108108108,0,5.405405405,0,2.702702703,2.702702703,5.405405405,2.702702703,10.81081081,2.702702703,0,2.702702703,0,0,0,0,0,3.03
H,0,0,5.405405405,8.108108108,0,0,2.702702703,5.405405405,0,0,0,2.702702703,10.81081081,2.702702703,0,0,2.702702703,0,5.405405405,0,2.702702703,0,0,0,0,0,1.95
P,2.702702703,0,2.702702703,10.81081081,5.405405405,2.702702703,2.702702703,2.702702703,8.108108108,5.405405405,8.108108108,10.81081081,2.702702703,2.702702703,10.81081081,13.51351351,2.702702703,13.51351351,2.702702703,0,0,0,0,0,13.51351351,0,4.97
Y,0,0,2.702702703,5.405405405,2.702702703,8.108108108,13.51351351,8.108108108,18.91891892,8.108108108,5.405405405,5.405405405,5.405405405,8.108108108,10.81081081,16.21621622,24.32432432,45.94594595,40.54054054,40.54054054,62.16216216,16.21621622,2.702702703,0,10.81081081,0,14.49
W,0,0,0,0,10.81081081,5.405405405,0,2.702702703,0,2.702702703,5.405405405,2.702702703,5.405405405,0,5.405405405,2.702702703,5.405405405,0,0,0,2.702702703,16.21621622,0,0,0,0,2.70
S,0,2.702702703,0,0,8.108108108,8.108108108,8.108108108,8.108108108,8.108108108,8.108108108,13.51351351,10.81081081,8.108108108,16.21621622,8.108108108,10.81081081,2.702702703,2.702702703,2.702702703,13.51351351,0,0,0,0,0,0,5.62
T,2.702702703,5.405405405,2.702702703,2.702702703,2.702702703,13.51351351,0,8.108108108,5.405405405,2.702702703,8.108108108,5.405405405,13.51351351,5.405405405,5.405405405,16.21621622,2.702702703,0,2.702702703,2.702702703,2.702702703,2.702702703,0,0,0,0,4.54
G,0,0,27.02702703,13.51351351,10.81081081,13.51351351,13.51351351,8.108108108,8.108108108,10.81081081,2.702702703,16.21621622,10.81081081,10.81081081,16.21621622,8.108108108,8.108108108,2.702702703,8.108108108,10.81081081,5.405405405,43.24324324,0,0,0,0,9.95
A,94.59459459,0,2.702702703,5.405405405,8.108108108,0,5.405405405,5.405405405,5.405405405,10.81081081,13.51351351,8.108108108,10.81081081,8.108108108,2.702702703,5.405405405,5.405405405,5.405405405,5.405405405,2.702702703,0,13.51351351,0,0,0,0,8.76
M,0,0,0,0,0,5.405405405,2.702702703,2.702702703,2.702702703,0,0,5.405405405,0,0,2.702702703,0,0,2.702702703,0,0,0,0,62.16216216,0,0,0,3.46
C,0,0,0,0,0,0,2.702702703,0,2.702702703,2.702702703,0,0,0,2.702702703,2.702702703,0,0,2.702702703,0,0,0,0,0,0,0,0,0.65
F,0,0,0,0,10.81081081,2.702702703,5.405405405,2.702702703,2.702702703,5.405405405,8.108108108,5.405405405,0,5.405405405,0,0,8.108108108,5.405405405,0,5.405405405,0,0,29.72972973,0,2.702702703,0,4.00
L,0,0,2.702702703,8.108108108,2.702702703,5.405405405,5.405405405,2.702702703,2.702702703,5.405405405,5.405405405,0,2.702702703,2.702702703,8.108108108,10.81081081,2.702702703,0,10.81081081,8.108108108,2.702702703,2.702702703,0,0,0,0,3.68
V,0,0,2.702702703,2.702702703,10.81081081,5.405405405,16.21621622,16.21621622,16.21621622,18.91891892,13.51351351,8.108108108,13.51351351,10.81081081,5.405405405,2.702702703,5.405405405,0,2.702702703,2.702702703,5.405405405,0,0,2.702702703,64.86486486,0,9.08
I,0,0,0,0,8.108108108,5.405405405,5.405405405,10.81081081,0,5.405405405,5.405405405,5.405405405,0,13.51351351,8.108108108,0,8.108108108,0,0,0,0,0,5.405405405,0,8.108108108,0,3.57
n=,100,100,100,100,100,100,100,100,100,100,100,100,100,100,100,100,100,100,100,100,100,100,100,100,100,0,100.00
,,,,,,,,,,,,,,,,,,,,,,,,,,,
Length=,26,,,,,,,,,,,,,,,,,,,,,,,,,,
Position,1,2,3,4,5,6,7,8,9,10,11,12,13,14,15,16,17,18,19,20,21,22,23,24,25,26,Mean %
R,0,60.86956522,4.347826087,4.347826087,17.39130435,8.695652174,0,4.347826087,0,8.695652174,4.347826087,4.347826087,13.04347826,0,0,0,8.695652174,4.347826087,4.347826087,0,0,0,0,0,0,0,5.69
K,0,21.73913043,0,4.347826087,8.695652174,0,4.347826087,4.347826087,0,0,0,0,0,4.347826087,4.347826087,0,0,0,0,0,0,0,0,0,0,0,2.01
N,0,0,4.347826087,0,0,0,8.695652174,0,0,0,4.347826087,0,0,0,0,8.695652174,0,17.39130435,0,0,4.347826087,4.347826087,0,0,0,0,2.01
D,0,0,30.43478261,4.347826087,4.347826087,13.04347826,17.39130435,0,8.695652174,4.347826087,4.347826087,8.695652174,4.347826087,0,0,13.04347826,0,17.39130435,4.347826087,0,0,4.347826087,0,0,95.65217391,0,9.03
Q,0,0,0,4.347826087,0,0,0,0,0,0,0,0,4.347826087,4.347826087,0,0,4.347826087,0,0,0,0,0,0,0,0,0,0.67
E,0,0,4.347826087,17.39130435,0,0,0,13.04347826,0,0,4.347826087,0,0,4.347826087,0,8.695652174,4.347826087,0,0,0,0,0,0,0,0,0,2.17
H,0,0,0,0,0,8.695652174,4.347826087,0,0,0,4.347826087,0,0,4.347826087,0,0,4.347826087,4.347826087,4.347826087,0,4.347826087,0,0,0,0,0,1.51
P,0,0,0,8.695652174,13.04347826,4.347826087,13.04347826,8.695652174,13.04347826,0,0,4.347826087,4.347826087,0,13.04347826,13.04347826,0,8.695652174,0,4.347826087,0,0,13.04347826,0,0,4.347826087,4.85
Y,0,0,0,0,4.347826087,8.695652174,4.347826087,13.04347826,26.08695652,30.43478261,30.43478261,17.39130435,13.04347826,21.73913043,8.695652174,8.695652174,21.73913043,8.695652174,65.2173913,73.91304348,69.56521739,65.2173913,17.39130435,0,4.347826087,8.695652174,20.07
W,0,0,0,0,0,0,0,0,0,4.347826087,4.347826087,4.347826087,8.695652174,4.347826087,8.695652174,0,0,0,4.347826087,0,0,0,4.347826087,4.347826087,0,0,1.84
S,4.347826087,0,0,8.695652174,4.347826087,0,4.347826087,21.73913043,13.04347826,17.39130435,26.08695652,21.73913043,13.04347826,21.73913043,8.695652174,13.04347826,13.04347826,0,0,0,13.04347826,21.73913043,0,0,0,0,8.70
T,13.04347826,17.39130435,8.695652174,8.695652174,0,0,4.347826087,8.695652174,8.695652174,4.347826087,4.347826087,8.695652174,8.695652174,4.347826087,0,0,0,26.08695652,4.347826087,4.347826087,0,0,0,0,0,0,5.18
G,0,0,13.04347826,30.43478261,8.695652174,26.08695652,17.39130435,0,8.695652174,4.347826087,0,17.39130435,8.695652174,13.04347826,34.7826087,30.43478261,13.04347826,8.695652174,13.04347826,8.695652174,0,0,60.86956522,0,0,4.347826087,12.37
A,82.60869565,0,13.04347826,4.347826087,8.695652174,17.39130435,4.347826087,0,13.04347826,0,4.347826087,4.347826087,8.695652174,4.347826087,0,4.347826087,4.347826087,0,0,0,0,0,4.347826087,0,0,0,6.86
M,0,0,0,0,0,0,0,0,0,0,0,0,0,0,4.347826087,0,0,0,0,0,0,0,0,73.91304348,0,0,3.01
C,0,0,0,0,0,0,4.347826087,4.347826087,0,4.347826087,0,4.347826087,4.347826087,0,4.347826087,0,0,0,0,0,0,0,0,0,0,0,1.00
F,0,0,0,0,0,0,0,0,0,4.347826087,0,4.347826087,4.347826087,4.347826087,0,0,4.347826087,0,0,0,4.347826087,4.347826087,0,17.39130435,0,0,1.84
L,0,0,0,0,8.695652174,13.04347826,4.347826087,4.347826087,4.347826087,4.347826087,0,0,4.347826087,4.347826087,13.04347826,0,4.347826087,4.347826087,0,8.695652174,4.347826087,0,0,0,0,0,3.18
V,0,0,17.39130435,0,8.695652174,0,4.347826087,8.695652174,4.347826087,8.695652174,8.695652174,0,0,0,0,0,8.695652174,0,0,0,0,0,0,0,0,78.26086957,5.69
I,0,0,4.347826087,4.347826087,13.04347826,0,4.347826087,8.695652174,0,4.347826087,0,0,0,4.347826087,0,0,8.695652174,0,0,0,0,0,0,4.347826087,0,4.347826087,2.34
n=,100,100,100,100,100,100,100,100,100,100,100,100,100,100,100,100,100,100,100,100,100,100,100,100,100,100,100.00